date,temperature_2m_max,temperature_2m_min,apparent_temperature_max,apparent_temperature_min,precipitation_sum,rain_sum,snowfall_sum,wind_speed_10m_max,shortwave_radiation_sum
2021-04-19,86.1,55.7,82.5,46.8,0.0,0.0,0.0,16.2,27.84
2021-04-20,86.3,61.1,79.5,53.5,0.0,0.0,0.0,15.8,26.94
2021-04-21,79.2,65.9,69.0,54.0,0.0,0.0,0.0,26.3,26.9
2021-04-22,79.9,55.0,73.9,49.0,0.0,0.0,0.0,12.8,26.98
2021-04-23,83.8,56.7,79.7,48.6,0.0,0.0,0.0,14.3,27.77
2021-04-24,86.4,64.7,73.4,56.8,0.0,0.0,0.0,24.8,26.53
2021-04-25,80.0,64.2,66.8,52.7,0.0,0.0,0.0,24.3,24.89
2021-04-26,71.6,57.4,63.5,46.6,0.031,0.031,0.0,18.4,17.02
2021-04-27,67.7,51.5,62.9,46.7,0.004,0.004,0.0,9.7,20.38
2021-04-28,83.3,57.1,75.3,46.0,0.0,0.0,0.0,19.5,28.27
2021-04-29,89.1,61.6,85.6,53.9,0.0,0.0,0.0,11.5,28.43
2021-04-30,97.0,63.8,92.7,56.4,0.0,0.0,0.0,7.1,28.12
2021-05-01,95.1,71.9,82.9,64.1,0.0,0.0,0.0,21.4,23.12
2021-05-02,87.2,61.2,74.7,54.3,0.0,0.0,0.0,24.9,26.83
2021-05-03,83.1,64.0,74.3,52.9,0.0,0.0,0.0,20.1,28.88
2021-05-04,89.7,61.8,85.2,54.5,0.0,0.0,0.0,9.5,28.92
2021-05-05,93.2,67.4,88.4,60.4,0.0,0.0,0.0,10.2,28.87
2021-05-06,98.4,71.3,93.5,65.2,0.0,0.0,0.0,17.4,28.8
2021-05-07,91.7,70.9,81.4,63.6,0.0,0.0,0.0,21.3,29.01
2021-05-08,89.6,65.0,82.1,57.4,0.0,0.0,0.0,19.6,29.24
2021-05-09,87.9,62.1,83.3,53.9,0.0,0.0,0.0,9.5,29.58
2021-05-10,88.2,63.5,84.0,55.1,0.0,0.0,0.0,15.3,29.41
2021-05-11,87.0,64.9,83.0,58.3,0.0,0.0,0.0,9.3,29.61
2021-05-12,94.5,69.1,88.4,60.4,0.0,0.0,0.0,8.6,29.65
2021-05-13,98.1,72.9,94.2,66.8,0.0,0.0,0.0,13.4,29.79
2021-05-14,98.0,72.2,93.9,66.6,0.0,0.0,0.0,18.8,29.48
2021-05-15,93.4,72.6,81.3,64.9,0.0,0.0,0.0,23.3,29.81
2021-05-16,80.6,62.7,78.3,56.1,0.012,0.012,0.0,15.8,23.39
2021-05-17,88.3,59.6,84.5,55.6,0.0,0.0,0.0,19.5,28.79
2021-05-18,96.9,68.4,93.4,64.1,0.0,0.0,0.0,11.6,28.59
2021-05-19,95.5,71.0,86.0,65.2,0.0,0.0,0.0,21.0,29.0
2021-05-20,85.9,64.6,71.1,51.4,0.0,0.0,0.0,29.9,30.8
2021-05-21,66.2,55.0,55.6,41.0,0.008,0.008,0.0,21.8,26.88
2021-05-22,71.6,49.7,67.8,43.5,0.0,0.0,0.0,16.6,28.67
2021-05-23,80.6,54.1,73.7,47.2,0.0,0.0,0.0,12.4,30.39
2021-05-24,85.6,61.4,81.4,55.2,0.0,0.0,0.0,8.5,30.21
2021-05-25,94.7,63.3,87.0,57.5,0.0,0.0,0.0,20.2,28.57
2021-05-26,93.2,72.8,83.4,63.5,0.0,0.0,0.0,15.5,23.11
2021-05-27,95.5,68.4,93.8,61.9,0.0,0.0,0.0,10.1,30.39
2021-05-28,98.1,70.2,95.9,64.3,0.0,0.0,0.0,9.8,30.4
2021-05-29,93.8,71.5,91.7,65.5,0.0,0.0,0.0,8.9,23.77
2021-05-30,97.1,71.2,95.2,63.2,0.0,0.0,0.0,7.5,29.59
2021-05-31,99.7,75.0,97.1,68.3,0.0,0.0,0.0,9.5,30.09
2021-06-01,102.2,72.9,99.2,65.4,0.0,0.0,0.0,6.2,29.56
2021-06-02,106.5,78.2,102.8,71.7,0.0,0.0,0.0,12.5,28.05
2021-06-03,107.6,81.1,105.1,75.3,0.0,0.0,0.0,15.4,28.83
2021-06-04,109.2,81.8,105.9,77.0,0.0,0.0,0.0,18.2,29.07
2021-06-05,107.0,80.7,100.7,76.4,0.0,0.0,0.0,17.8,29.54
2021-06-06,104.0,80.8,98.1,74.6,0.0,0.0,0.0,18.2,30.14
2021-06-07,97.5,76.6,89.6,70.9,0.0,0.0,0.0,19.0,24.52
2021-06-08,93.3,69.7,82.7,61.8,0.0,0.0,0.0,20.4,30.52
2021-06-09,93.7,70.0,85.1,64.5,0.0,0.0,0.0,20.7,27.95
2021-06-10,87.8,67.7,82.0,54.8,0.0,0.0,0.0,20.6,31.4
2021-06-11,94.4,66.5,89.1,58.6,0.0,0.0,0.0,7.9,31.43
2021-06-12,102.0,73.9,97.8,66.4,0.0,0.0,0.0,10.5,31.14
2021-06-13,108.3,79.5,102.6,73.1,0.0,0.0,0.0,18.0,30.98
2021-06-14,110.1,77.7,100.8,71.1,0.0,0.0,0.0,15.7,30.72
2021-06-15,113.8,81.5,109.5,75.6,0.0,0.0,0.0,13.6,28.86
2021-06-16,114.8,85.4,112.3,78.1,0.0,0.0,0.0,8.5,29.14
2021-06-17,113.4,87.7,110.8,80.6,0.0,0.0,0.0,10.0,24.07
2021-06-18,113.0,87.5,112.0,81.7,0.0,0.0,0.0,18.5,26.34
2021-06-19,113.5,88.6,109.5,83.4,0.0,0.0,0.0,12.7,26.79
2021-06-20,113.2,89.3,107.0,83.9,0.0,0.0,0.0,21.1,30.09
2021-06-21,108.3,86.8,99.0,78.7,0.0,0.0,0.0,21.0,30.73
2021-06-22,104.4,84.3,95.9,76.0,0.0,0.0,0.0,19.6,26.57
2021-06-23,93.9,82.6,87.1,78.1,0.0,0.0,0.0,18.5,16.93
2021-06-24,94.6,74.8,93.0,72.7,0.0,0.0,0.0,13.2,25.22
2021-06-25,100.9,73.9,97.0,72.1,0.0,0.0,0.0,11.2,29.66
2021-06-26,105.9,78.1,103.1,71.7,0.0,0.0,0.0,13.1,29.17
2021-06-27,107.2,88.3,104.6,83.3,0.0,0.0,0.0,14.5,29.4
2021-06-28,105.8,87.0,101.3,80.9,0.0,0.0,0.0,16.6,28.21
2021-06-29,101.1,82.8,98.9,80.5,0.024,0.024,0.0,19.4,20.96
2021-06-30,99.3,74.3,99.7,74.1,0.0,0.0,0.0,9.5,24.33
2021-07-01,106.0,80.7,101.5,80.6,0.0,0.0,0.0,12.9,29.26
2021-07-02,107.4,79.4,105.5,74.7,0.0,0.0,0.0,11.8,29.44
2021-07-03,105.2,84.7,102.1,78.4,0.0,0.0,0.0,17.5,23.7
2021-07-04,105.4,83.7,101.9,81.4,0.0,0.0,0.0,9.2,24.17
2021-07-05,107.8,82.8,106.0,77.5,0.0,0.0,0.0,6.2,27.94
2021-07-06,110.4,84.0,108.7,79.7,0.0,0.0,0.0,9.1,27.35
2021-07-07,113.9,87.1,111.4,83.3,0.0,0.0,0.0,12.8,27.57
2021-07-08,112.7,88.2,109.4,85.7,0.0,0.0,0.0,12.2,25.19
2021-07-09,115.1,89.2,114.1,88.4,0.0,0.0,0.0,10.4,28.23
2021-07-10,115.6,92.6,115.3,88.5,0.0,0.0,0.0,9.0,25.28
2021-07-11,113.7,91.8,116.7,87.4,0.0,0.0,0.0,19.6,25.76
2021-07-12,111.7,87.5,109.5,86.7,0.0,0.0,0.0,9.4,23.03
2021-07-13,107.4,86.4,109.5,86.5,0.0,0.0,0.0,14.9,24.44
2021-07-14,106.1,81.7,107.6,80.3,0.0,0.0,0.0,21.6,25.37
2021-07-15,105.5,79.5,104.2,81.4,0.0,0.0,0.0,15.2,26.77
2021-07-16,107.4,83.7,101.9,80.4,0.0,0.0,0.0,14.9,28.09
2021-07-17,107.2,84.9,105.2,82.0,0.0,0.0,0.0,15.7,27.0
2021-07-18,101.0,85.6,100.5,84.9,0.012,0.012,0.0,20.4,19.4
2021-07-19,100.2,83.2,102.9,86.1,0.004,0.004,0.0,6.0,23.5
2021-07-20,105.1,84.1,103.4,87.2,0.004,0.004,0.0,12.4,24.44
2021-07-21,102.7,86.1,102.7,86.7,0.0,0.0,0.0,14.1,22.13
2021-07-22,102.6,85.9,103.7,88.2,0.024,0.024,0.0,18.3,18.95
2021-07-23,105.0,83.5,104.7,86.7,0.0,0.0,0.0,14.7,25.09
2021-07-24,101.6,85.0,105.1,87.4,0.0,0.0,0.0,14.5,23.14
2021-07-25,101.3,82.6,103.5,83.2,0.0,0.0,0.0,16.0,25.4
2021-07-26,91.0,76.5,94.0,80.5,0.228,0.228,0.0,11.6,18.13
2021-07-27,100.1,76.7,101.1,83.5,0.0,0.0,0.0,9.8,26.02
2021-07-28,103.0,84.3,102.9,83.1,0.0,0.0,0.0,12.6,22.46
2021-07-29,106.0,83.0,107.6,82.7,0.031,0.031,0.0,20.0,23.23
2021-07-30,93.9,81.9,97.3,83.4,0.008,0.008,0.0,13.0,19.08
2021-07-31,95.9,81.1,99.7,83.3,0.039,0.039,0.0,11.0,21.9
2021-08-01,98.7,79.3,100.0,81.7,0.008,0.008,0.0,10.5,24.05
2021-08-02,106.5,83.8,105.4,84.5,0.0,0.0,0.0,4.8,25.55
2021-08-03,109.1,84.7,109.3,81.5,0.0,0.0,0.0,7.0,27.35
2021-08-04,110.8,90.5,110.1,87.3,0.0,0.0,0.0,7.2,27.73
2021-08-05,112.4,84.3,108.1,80.3,0.0,0.0,0.0,22.2,27.76
2021-08-06,107.3,86.7,98.2,79.3,0.0,0.0,0.0,15.0,28.92
2021-08-07,105.4,78.3,103.4,70.1,0.0,0.0,0.0,8.8,28.38
2021-08-08,107.2,80.5,98.1,73.9,0.0,0.0,0.0,17.0,28.6
2021-08-09,106.5,83.0,98.9,78.0,0.0,0.0,0.0,16.4,27.85
2021-08-10,104.1,81.1,104.2,79.8,0.0,0.0,0.0,22.6,24.64
2021-08-11,102.2,78.6,105.0,81.2,0.0,0.0,0.0,10.7,25.37
2021-08-12,104.2,81.1,107.2,83.6,0.0,0.0,0.0,8.1,25.57
2021-08-13,99.0,83.5,101.4,83.6,0.008,0.008,0.0,7.9,21.51
2021-08-14,104.5,82.1,107.1,84.3,0.0,0.0,0.0,9.0,25.37
2021-08-15,107.3,84.9,110.2,85.1,0.0,0.0,0.0,6.8,24.97
2021-08-16,108.2,86.3,110.2,86.5,0.0,0.0,0.0,12.7,25.53
2021-08-17,106.1,87.5,102.6,87.1,0.0,0.0,0.0,20.4,24.57
2021-08-18,99.8,83.4,91.2,75.1,0.0,0.0,0.0,22.7,26.55
2021-08-19,94.0,70.0,90.7,69.1,0.0,0.0,0.0,10.6,26.61
2021-08-20,96.7,71.2,95.1,67.9,0.0,0.0,0.0,11.8,25.98
2021-08-21,100.1,77.1,92.1,75.4,0.0,0.0,0.0,17.6,25.73
2021-08-22,100.8,74.2,95.3,71.5,0.0,0.0,0.0,11.6,26.49
2021-08-23,103.1,74.8,96.6,69.0,0.0,0.0,0.0,14.3,26.65
2021-08-24,103.1,75.8,95.8,71.3,0.0,0.0,0.0,15.9,26.44
2021-08-25,105.3,78.5,100.3,74.9,0.0,0.0,0.0,15.9,24.52
2021-08-26,106.1,81.2,97.6,75.2,0.0,0.0,0.0,17.8,25.98
2021-08-27,107.8,74.0,103.4,66.1,0.0,0.0,0.0,13.4,25.99
2021-08-28,108.6,77.8,105.2,71.3,0.0,0.0,0.0,8.3,25.37
2021-08-29,107.3,81.8,105.6,77.2,0.0,0.0,0.0,11.3,23.93
2021-08-30,103.6,80.2,104.0,80.4,0.0,0.0,0.0,15.9,20.07
2021-08-31,98.1,82.8,95.4,83.0,0.0,0.0,0.0,13.9,16.89
2021-09-01,92.8,76.1,93.5,76.6,0.008,0.008,0.0,14.0,19.39
2021-09-02,99.7,73.2,92.8,74.2,0.0,0.0,0.0,18.2,24.69
2021-09-03,98.2,71.5,91.9,66.0,0.0,0.0,0.0,15.2,25.06
2021-09-04,99.9,71.1,98.0,63.8,0.0,0.0,0.0,7.2,24.71
2021-09-05,104.8,74.8,102.4,68.7,0.0,0.0,0.0,7.0,24.32
2021-09-06,106.8,80.0,103.8,74.4,0.0,0.0,0.0,7.5,23.97
2021-09-07,108.1,77.3,105.6,75.0,0.0,0.0,0.0,7.0,23.85
2021-09-08,107.6,81.6,105.1,75.7,0.0,0.0,0.0,9.9,23.37
2021-09-09,106.4,82.5,105.2,82.5,0.0,0.0,0.0,12.5,20.12
2021-09-10,103.9,81.5,99.8,79.3,0.0,0.0,0.0,19.3,18.12
2021-09-11,102.3,79.0,97.9,78.4,0.0,0.0,0.0,16.0,21.75
2021-09-12,104.8,77.4,100.3,74.6,0.0,0.0,0.0,15.7,23.06
2021-09-13,104.4,76.0,96.2,71.3,0.0,0.0,0.0,17.2,23.29
2021-09-14,102.9,75.3,99.1,67.2,0.0,0.0,0.0,9.3,23.23
2021-09-15,101.6,74.7,96.9,68.5,0.0,0.0,0.0,10.9,23.12
2021-09-16,100.0,73.3,90.4,66.5,0.0,0.0,0.0,15.5,23.27
2021-09-17,92.0,74.8,89.9,68.1,0.0,0.0,0.0,9.2,13.94
2021-09-18,94.8,74.8,89.7,69.7,0.0,0.0,0.0,19.1,19.49
2021-09-19,95.3,68.4,84.2,61.6,0.0,0.0,0.0,21.1,22.64
2021-09-20,88.6,68.8,84.9,62.2,0.0,0.0,0.0,9.1,21.93
2021-09-21,91.2,61.5,85.8,54.8,0.0,0.0,0.0,7.2,22.37
2021-09-22,97.0,67.8,90.9,61.1,0.0,0.0,0.0,6.2,21.92
2021-09-23,95.9,72.1,94.2,66.9,0.0,0.0,0.0,10.3,20.56
2021-09-24,94.2,70.8,90.5,65.2,0.0,0.0,0.0,8.5,21.02
2021-09-25,93.8,67.8,92.8,66.7,0.0,0.0,0.0,8.1,19.02
2021-09-26,94.3,72.0,94.1,71.2,0.0,0.0,0.0,7.6,19.96
2021-09-27,94.1,69.2,91.1,70.2,0.0,0.0,0.0,9.7,20.08
2021-09-28,89.6,72.1,80.4,64.0,0.0,0.0,0.0,21.1,20.7
2021-09-29,82.4,65.6,75.7,57.4,0.0,0.0,0.0,16.6,19.97
2021-09-30,82.0,61.0,75.8,49.0,0.0,0.0,0.0,15.5,21.0
2021-10-01,84.3,60.2,79.1,53.4,0.0,0.0,0.0,6.1,20.43
2021-10-02,88.2,60.3,84.0,53.3,0.0,0.0,0.0,5.7,19.9
2021-10-03,91.0,62.6,86.9,55.6,0.0,0.0,0.0,7.8,19.35
2021-10-04,89.0,73.1,85.6,68.2,0.0,0.0,0.0,4.7,16.2
2021-10-05,81.6,69.0,82.1,63.2,0.063,0.063,0.0,12.4,13.36
2021-10-06,83.0,60.8,81.2,59.3,0.0,0.0,0.0,8.7,18.04
2021-10-07,85.6,66.2,81.6,65.5,0.0,0.0,0.0,10.3,14.73
2021-10-08,74.8,63.4,73.8,54.7,0.122,0.122,0.0,20.4,10.23
2021-10-09,75.8,53.3,69.3,49.4,0.0,0.0,0.0,13.9,15.83
2021-10-10,76.8,59.4,72.4,49.2,0.0,0.0,0.0,16.7,18.72
2021-10-11,76.8,50.4,63.8,27.8,0.012,0.012,0.0,43.7,18.74
2021-10-12,64.5,48.7,57.3,29.5,0.087,0.087,0.0,37.7,16.03
2021-10-13,65.8,42.7,61.4,36.8,0.0,0.0,0.0,6.6,17.63
2021-10-14,71.6,45.2,65.4,39.0,0.0,0.0,0.0,14.4,17.68
2021-10-15,73.2,50.3,63.3,43.8,0.0,0.0,0.0,13.4,17.73
2021-10-16,78.8,50.8,71.9,43.8,0.0,0.0,0.0,8.3,17.65
2021-10-17,82.8,58.9,73.3,52.0,0.0,0.0,0.0,16.4,16.43
2021-10-18,66.0,50.8,55.4,44.5,0.0,0.0,0.0,20.1,10.68
2021-10-19,69.7,43.2,62.9,35.5,0.0,0.0,0.0,9.1,17.05
2021-10-20,73.9,48.6,67.8,41.5,0.0,0.0,0.0,5.1,16.01
2021-10-21,78.3,50.4,73.4,43.0,0.0,0.0,0.0,6.3,15.0
2021-10-22,84.2,59.1,74.6,53.2,0.0,0.0,0.0,15.1,15.79
2021-10-23,77.8,65.1,72.9,57.9,0.0,0.0,0.0,16.1,14.8
2021-10-24,80.6,57.2,71.4,52.1,0.0,0.0,0.0,18.8,10.54
2021-10-25,81.5,54.9,70.2,48.3,0.272,0.272,0.0,23.8,11.92
2021-10-26,69.1,50.4,59.3,42.5,0.0,0.0,0.0,20.2,15.74
2021-10-27,73.2,50.0,68.2,44.2,0.0,0.0,0.0,6.4,15.05
2021-10-28,81.5,55.1,75.5,51.3,0.0,0.0,0.0,9.0,15.01
2021-10-29,80.6,57.9,75.8,53.0,0.0,0.0,0.0,5.1,15.01
2021-10-30,80.2,59.3,74.5,54.5,0.0,0.0,0.0,9.4,14.68
2021-10-31,81.9,61.8,74.1,58.1,0.0,0.0,0.0,16.6,14.71
2021-11-01,79.6,59.1,70.7,54.1,0.0,0.0,0.0,16.4,12.26
2021-11-02,77.2,56.0,72.1,50.3,0.0,0.0,0.0,6.6,14.21
2021-11-03,79.7,57.3,75.5,51.7,0.0,0.0,0.0,5.9,14.05
2021-11-04,77.9,57.6,73.0,52.5,0.0,0.0,0.0,5.4,14.14
2021-11-05,79.2,55.7,73.5,49.5,0.0,0.0,0.0,5.3,14.17
2021-11-06,85.6,56.0,77.1,52.4,0.0,0.0,0.0,14.0,14.13
2021-11-07,83.6,58.1,71.9,51.1,0.0,0.0,0.0,16.3,13.89
2021-11-08,79.9,57.9,71.7,52.0,0.0,0.0,0.0,13.1,13.61
2021-11-09,75.9,60.5,65.8,53.3,0.0,0.0,0.0,20.1,10.68
2021-11-10,77.2,55.5,71.5,49.5,0.0,0.0,0.0,10.3,13.2
2021-11-11,76.6,54.4,71.2,48.8,0.0,0.0,0.0,7.6,13.05
2021-11-12,80.3,56.8,74.0,52.4,0.0,0.0,0.0,6.5,13.09
2021-11-13,78.0,54.9,74.1,48.6,0.0,0.0,0.0,5.7,13.05
2021-11-14,78.0,54.6,72.8,47.8,0.0,0.0,0.0,5.6,13.0
2021-11-15,75.0,55.0,69.6,48.8,0.0,0.0,0.0,5.6,12.97
2021-11-16,73.8,56.1,67.5,50.5,0.0,0.0,0.0,5.0,10.64
2021-11-17,71.2,51.7,64.2,45.5,0.0,0.0,0.0,7.6,12.69
2021-11-18,66.4,45.9,59.3,37.9,0.0,0.0,0.0,5.4,11.93
2021-11-19,67.9,49.5,62.8,42.0,0.0,0.0,0.0,6.8,11.21
2021-11-20,70.8,45.2,64.5,37.6,0.0,0.0,0.0,9.5,12.11
2021-11-21,70.2,48.6,59.9,40.3,0.0,0.0,0.0,11.7,12.58
2021-11-22,66.4,43.7,59.7,35.8,0.0,0.0,0.0,6.1,12.5
2021-11-23,67.0,48.7,59.3,40.6,0.0,0.0,0.0,8.1,10.8
2021-11-24,62.3,45.5,51.9,37.1,0.0,0.0,0.0,17.1,12.3
2021-11-25,64.8,41.8,54.8,33.3,0.0,0.0,0.0,13.4,12.24
2021-11-26,63.9,45.7,57.0,37.6,0.0,0.0,0.0,6.7,11.89
2021-11-27,69.2,42.7,61.7,33.9,0.0,0.0,0.0,5.7,11.7
2021-11-28,70.9,45.0,64.3,36.6,0.0,0.0,0.0,6.8,11.61
2021-11-29,71.7,50.6,65.2,43.6,0.0,0.0,0.0,4.5,11.56
2021-11-30,77.9,47.5,70.8,39.9,0.0,0.0,0.0,10.2,11.48
2021-12-01,73.8,52.3,67.6,45.2,0.0,0.0,0.0,7.2,11.73
2021-12-02,68.7,43.7,63.6,36.0,0.0,0.0,0.0,7.3,10.77
2021-12-03,68.1,47.4,62.6,40.8,0.0,0.0,0.0,6.2,11.29
2021-12-04,67.2,42.8,61.4,36.3,0.0,0.0,0.0,6.0,11.25
2021-12-05,70.7,44.4,65.2,38.1,0.0,0.0,0.0,11.9,11.25
2021-12-06,67.0,47.8,59.8,40.4,0.0,0.0,0.0,7.9,10.15
2021-12-07,62.7,49.5,56.6,43.3,0.055,0.055,0.0,6.6,6.39
2021-12-08,66.0,47.6,60.4,43.1,0.0,0.0,0.0,6.3,10.09
2021-12-09,57.2,47.4,49.7,42.1,0.142,0.142,0.0,19.7,2.29
2021-12-10,52.2,40.1,44.9,31.0,0.0,0.0,0.0,17.7,11.05
2021-12-11,49.0,31.5,42.6,23.7,0.0,0.0,0.0,6.1,10.97
2021-12-12,49.9,28.4,42.9,19.4,0.0,0.0,0.0,6.8,11.08
2021-12-13,54.7,27.2,49.8,19.1,0.0,0.0,0.0,7.4,9.6
2021-12-14,55.9,40.2,48.2,29.7,0.362,0.362,0.0,25.5,2.35
2021-12-15,47.8,35.6,41.3,26.8,0.0,0.0,0.0,14.2,10.04
2021-12-16,45.1,27.9,39.4,20.5,0.0,0.0,0.0,7.1,10.42
2021-12-17,51.5,32.2,43.9,25.5,0.0,0.0,0.0,10.2,11.02
2021-12-18,51.4,33.2,45.6,25.7,0.0,0.0,0.0,9.8,11.06
2021-12-19,50.5,36.1,44.6,28.8,0.0,0.0,0.0,6.5,10.91
2021-12-20,51.4,33.7,45.7,25.8,0.0,0.0,0.0,6.6,10.57
2021-12-21,56.0,40.6,49.9,34.2,0.0,0.0,0.0,5.8,7.43
2021-12-22,50.1,32.4,44.3,24.8,0.0,0.0,0.0,7.5,8.45
2021-12-23,56.3,37.3,51.8,31.0,0.256,0.256,0.0,9.4,3.74
2021-12-24,60.2,49.2,51.3,40.3,0.094,0.094,0.0,19.2,7.4
2021-12-25,58.9,42.4,50.8,36.9,0.0,0.0,0.0,16.6,10.29
2021-12-26,54.4,41.9,44.3,32.1,0.0,0.0,0.0,20.9,10.92
2021-12-27,52.9,36.0,41.2,28.9,0.0,0.0,0.0,27.9,9.62
2021-12-28,47.8,36.7,43.0,30.6,0.031,0.031,0.0,12.5,6.56
2021-12-29,51.1,30.2,46.2,24.3,0.0,0.0,0.0,9.7,8.82
2021-12-30,56.1,41.3,48.8,36.9,0.012,0.012,0.0,14.1,5.73
2021-12-31,57.9,46.2,50.1,31.6,0.008,0.008,0.0,30.9,7.36
2022-01-01,45.8,32.0,36.6,22.8,0.0,0.0,0.0,21.9,11.4
2022-01-02,46.2,24.9,38.9,17.3,0.0,0.0,0.0,6.6,11.35
2022-01-03,47.6,26.7,40.2,17.5,0.0,0.0,0.0,7.5,11.36
2022-01-04,53.6,30.9,47.0,21.9,0.0,0.0,0.0,6.9,10.93
2022-01-05,55.0,30.2,48.4,22.4,0.0,0.0,0.0,6.3,11.0
2022-01-06,61.2,36.6,56.3,29.9,0.0,0.0,0.0,6.1,10.92
2022-01-07,64.0,33.7,58.1,27.3,0.0,0.0,0.0,9.1,11.13
2022-01-08,64.2,44.0,55.7,36.4,0.0,0.0,0.0,13.9,11.35
2022-01-09,60.6,35.8,50.7,28.5,0.0,0.0,0.0,12.5,11.62
2022-01-10,60.4,38.7,53.1,31.4,0.0,0.0,0.0,8.4,11.77
2022-01-11,62.0,37.7,54.7,29.2,0.0,0.0,0.0,8.1,11.84
2022-01-12,64.1,45.0,57.0,38.5,0.0,0.0,0.0,6.4,11.64
2022-01-13,61.5,44.4,55.4,37.1,0.0,0.0,0.0,6.9,6.25
2022-01-14,66.3,40.5,56.8,32.5,0.0,0.0,0.0,14.6,11.85
2022-01-15,61.0,39.8,54.8,32.2,0.0,0.0,0.0,6.9,9.91
2022-01-16,61.3,39.6,55.0,31.0,0.0,0.0,0.0,5.1,11.78
2022-01-17,59.6,42.3,53.2,34.9,0.0,0.0,0.0,4.8,10.67
2022-01-18,59.3,43.7,56.0,37.9,0.008,0.008,0.0,6.5,8.61
2022-01-19,63.8,40.0,56.9,34.4,0.0,0.0,0.0,6.5,12.02
2022-01-20,62.1,38.6,54.4,31.3,0.0,0.0,0.0,9.6,12.56
2022-01-21,62.1,38.7,52.4,31.4,0.004,0.004,0.0,20.3,9.73
2022-01-22,62.7,45.1,52.2,33.5,0.0,0.0,0.0,16.9,12.48
2022-01-23,63.2,45.1,55.5,34.9,0.0,0.0,0.0,13.7,12.88
2022-01-24,65.2,38.4,59.0,30.4,0.0,0.0,0.0,6.2,13.16
2022-01-25,61.2,41.9,50.9,34.8,0.0,0.0,0.0,20.0,13.32
2022-01-26,56.0,36.6,49.3,27.2,0.0,0.0,0.0,11.6,13.54
2022-01-27,62.9,32.4,51.9,23.8,0.0,0.0,0.0,19.7,13.67
2022-01-28,60.6,39.7,50.7,31.3,0.0,0.0,0.0,12.2,14.05
2022-01-29,62.5,41.2,54.6,32.5,0.0,0.0,0.0,6.1,12.69
2022-01-30,65.5,43.2,57.9,34.8,0.0,0.0,0.0,5.7,14.13
2022-01-31,59.1,39.5,52.0,31.4,0.0,0.0,0.0,4.9,11.33
2022-02-01,59.9,42.8,49.9,33.8,0.0,0.0,0.0,14.6,13.6
2022-02-02,49.8,35.7,37.6,24.5,0.0,0.0,0.0,17.9,14.72
2022-02-03,52.7,30.0,44.7,21.6,0.0,0.0,0.0,8.2,14.5
2022-02-04,56.0,35.9,47.6,27.7,0.0,0.0,0.0,7.1,14.79
2022-02-05,62.5,38.0,54.6,30.0,0.0,0.0,0.0,6.8,14.9
2022-02-06,66.0,41.3,57.3,33.0,0.0,0.0,0.0,13.8,14.97
2022-02-07,66.0,41.2,58.0,33.1,0.0,0.0,0.0,7.7,15.02
2022-02-08,75.5,44.0,67.5,36.2,0.0,0.0,0.0,8.3,15.15
2022-02-09,76.4,48.6,66.7,38.9,0.0,0.0,0.0,13.4,15.34
2022-02-10,74.4,52.6,68.2,44.8,0.0,0.0,0.0,14.2,15.25
2022-02-11,77.8,52.6,70.2,47.3,0.0,0.0,0.0,7.4,15.72
2022-02-12,72.9,47.2,65.5,38.1,0.0,0.0,0.0,9.0,16.2
2022-02-13,71.7,47.5,64.3,39.1,0.0,0.0,0.0,6.7,16.44
2022-02-14,69.6,43.0,60.1,34.7,0.0,0.0,0.0,12.3,15.31
2022-02-15,64.9,52.2,51.6,42.1,0.016,0.016,0.0,23.9,15.86
2022-02-16,65.2,48.4,52.9,35.7,0.0,0.0,0.0,23.1,16.44
2022-02-17,61.2,42.7,53.7,32.0,0.0,0.0,0.0,17.2,17.04
2022-02-18,67.1,38.7,59.7,30.1,0.0,0.0,0.0,7.2,16.82
2022-02-19,69.6,44.6,62.4,37.3,0.0,0.0,0.0,5.5,17.2
2022-02-20,74.6,46.5,65.6,39.2,0.0,0.0,0.0,17.3,17.01
2022-02-21,68.5,54.0,53.8,43.9,0.0,0.0,0.0,30.5,17.08
2022-02-22,59.6,38.8,44.1,31.5,0.012,0.012,0.0,29.2,16.36
2022-02-23,51.5,36.3,39.7,27.5,0.0,0.0,0.0,18.8,15.82
2022-02-24,51.8,28.8,42.9,20.9,0.0,0.0,0.0,9.1,18.29
2022-02-25,55.8,31.4,46.8,22.1,0.0,0.0,0.0,13.0,18.57
2022-02-26,56.3,34.1,48.4,24.0,0.0,0.0,0.0,13.8,19.1
2022-02-27,63.5,36.1,55.3,28.1,0.0,0.0,0.0,7.1,17.83
2022-02-28,75.4,42.0,67.3,33.1,0.0,0.0,0.0,10.7,19.18
2022-03-01,78.4,47.5,71.4,39.6,0.0,0.0,0.0,6.7,19.27
2022-03-02,78.6,51.0,71.5,42.9,0.0,0.0,0.0,5.8,19.35
2022-03-03,80.9,55.8,71.4,47.7,0.0,0.0,0.0,12.9,18.27
2022-03-04,66.1,54.1,55.5,44.8,0.004,0.004,0.0,18.3,17.11
2022-03-05,57.0,45.7,48.6,33.3,0.035,0.035,0.0,25.4,17.63
2022-03-06,61.6,38.3,52.0,30.1,0.0,0.0,0.0,16.2,16.16
2022-03-07,59.2,42.0,49.0,30.2,0.0,0.0,0.0,21.1,19.57
2022-03-08,61.2,40.3,54.9,29.2,0.0,0.0,0.0,11.6,19.69
2022-03-09,70.5,42.3,63.0,35.0,0.0,0.0,0.0,11.1,19.99
2022-03-10,58.3,43.5,49.7,32.0,0.012,0.012,0.0,23.9,19.44
2022-03-11,62.3,32.0,54.2,23.3,0.0,0.0,0.0,11.4,21.05
2022-03-12,69.0,42.3,62.1,33.8,0.0,0.0,0.0,5.2,20.98
2022-03-13,72.9,44.5,64.8,37.3,0.0,0.0,0.0,9.4,20.28
2022-03-14,71.8,51.0,65.4,42.7,0.0,0.0,0.0,14.1,20.88
2022-03-15,78.5,50.7,68.9,43.6,0.0,0.0,0.0,11.2,20.19
2022-03-16,76.2,56.0,64.3,51.3,0.0,0.0,0.0,24.4,20.9
2022-03-17,70.2,47.8,62.9,39.1,0.0,0.0,0.0,16.4,19.97
2022-03-18,74.8,46.0,69.3,37.4,0.0,0.0,0.0,7.3,22.21
2022-03-19,79.8,52.2,69.6,44.9,0.0,0.0,0.0,21.5,16.7
2022-03-20,71.2,51.7,57.5,42.1,0.047,0.047,0.0,23.9,19.67
2022-03-21,72.1,45.5,64.2,35.4,0.0,0.0,0.0,13.9,22.12
2022-03-22,75.7,51.6,70.8,45.0,0.0,0.0,0.0,13.2,22.14
2022-03-23,75.8,54.4,69.6,47.7,0.0,0.0,0.0,12.7,22.88
2022-03-24,83.8,51.0,77.2,43.0,0.0,0.0,0.0,5.6,22.57
2022-03-25,89.7,61.9,82.7,55.2,0.0,0.0,0.0,10.0,22.87
2022-03-26,93.0,65.2,87.2,59.5,0.0,0.0,0.0,15.0,22.62
2022-03-27,89.2,65.0,80.1,58.1,0.0,0.0,0.0,20.0,22.88
2022-03-28,80.1,56.7,66.4,48.9,0.197,0.197,0.0,24.8,20.17
2022-03-29,74.4,49.8,66.2,44.6,0.114,0.114,0.0,16.9,19.86
2022-03-30,77.4,56.8,72.5,48.2,0.0,0.0,0.0,18.6,23.36
2022-03-31,78.4,56.3,75.2,51.7,0.0,0.0,0.0,13.6,22.34
2022-04-01,80.2,57.3,76.1,50.0,0.0,0.0,0.0,9.3,24.08
2022-04-02,86.1,61.9,81.8,57.3,0.0,0.0,0.0,12.8,23.93
2022-04-03,79.3,59.9,74.5,53.6,0.031,0.031,0.0,16.8,19.27
2022-04-04,85.8,56.5,79.8,50.3,0.0,0.0,0.0,15.8,23.19
2022-04-05,89.2,65.0,79.0,56.9,0.0,0.0,0.0,27.7,24.49
2022-04-06,77.5,58.0,68.8,47.8,0.0,0.0,0.0,15.0,25.41
2022-04-07,84.4,52.3,77.8,43.0,0.0,0.0,0.0,9.0,25.59
2022-04-08,88.3,58.5,83.4,50.0,0.0,0.0,0.0,6.2,25.5
2022-04-09,92.0,64.9,85.7,58.7,0.0,0.0,0.0,19.7,25.23
2022-04-10,75.4,58.4,69.8,50.0,0.0,0.0,0.0,21.1,25.51
2022-04-11,79.1,53.5,66.3,46.2,0.0,0.0,0.0,28.5,25.19
2022-04-12,60.8,45.8,46.3,30.3,0.0,0.0,0.0,27.1,27.23
2022-04-13,67.6,39.7,60.6,29.7,0.0,0.0,0.0,9.6,26.67
2022-04-14,78.1,51.3,71.4,41.9,0.0,0.0,0.0,18.9,25.66
2022-04-15,81.6,52.9,75.4,47.3,0.0,0.0,0.0,20.4,25.51
2022-04-16,80.4,62.6,68.0,53.1,0.0,0.0,0.0,26.3,25.28
2022-04-17,86.5,55.6,80.1,50.6,0.0,0.0,0.0,8.4,26.76
2022-04-18,91.4,62.2,81.3,55.1,0.0,0.0,0.0,24.9,26.14
2022-04-19,87.0,69.1,72.9,57.5,0.0,0.0,0.0,24.9,26.5
2022-04-20,85.7,58.2,78.7,52.7,0.0,0.0,0.0,18.7,26.6
2022-04-21,82.1,62.0,69.3,51.6,0.0,0.0,0.0,26.1,27.28
2022-04-22,70.2,54.9,62.5,45.0,0.051,0.051,0.0,21.1,23.21
2022-04-23,74.1,51.8,66.7,42.5,0.0,0.0,0.0,17.0,27.3
2022-04-24,75.0,54.4,70.3,45.1,0.0,0.0,0.0,12.2,27.81
2022-04-25,80.3,56.9,74.0,49.2,0.0,0.0,0.0,11.0,28.05
2022-04-26,90.8,63.2,82.3,56.3,0.0,0.0,0.0,13.7,24.71
2022-04-27,89.2,66.7,80.8,58.5,0.0,0.0,0.0,18.1,27.49
2022-04-28,83.2,65.6,70.8,54.4,0.0,0.0,0.0,21.2,27.86
2022-04-29,82.9,61.0,76.0,50.4,0.0,0.0,0.0,23.6,28.54
2022-04-30,90.6,61.3,82.0,53.7,0.0,0.0,0.0,19.5,28.23
2022-05-01,84.0,64.9,77.5,54.3,0.0,0.0,0.0,33.7,28.26
2022-05-02,89.2,59.0,78.5,50.2,0.0,0.0,0.0,20.1,28.49
2022-05-03,80.2,64.7,70.0,51.0,0.0,0.0,0.0,23.7,28.98
2022-05-04,81.8,59.0,77.4,50.7,0.0,0.0,0.0,10.3,28.36
2022-05-05,94.7,61.2,87.3,54.5,0.0,0.0,0.0,18.1,28.49
2022-05-06,97.4,67.9,92.0,60.8,0.0,0.0,0.0,18.8,28.22
2022-05-07,93.2,73.3,83.9,63.8,0.0,0.0,0.0,25.1,28.12
2022-05-08,83.2,63.6,69.2,51.4,0.0,0.0,0.0,30.7,29.17
2022-05-09,75.4,51.3,66.2,43.1,0.0,0.0,0.0,23.3,29.27
2022-05-10,74.4,54.1,63.3,39.8,0.0,0.0,0.0,20.6,26.42
2022-05-11,69.9,52.8,57.4,40.1,0.0,0.0,0.0,24.7,28.34
2022-05-12,76.9,53.6,71.6,41.6,0.0,0.0,0.0,14.8,29.06
2022-05-13,87.9,59.2,83.1,51.6,0.0,0.0,0.0,7.8,29.74
2022-05-14,95.6,66.5,90.7,58.2,0.0,0.0,0.0,8.1,29.92
2022-05-15,98.9,70.2,95.2,62.0,0.0,0.0,0.0,12.4,29.35
2022-05-16,100.0,72.8,93.8,67.1,0.0,0.0,0.0,16.4,29.28
2022-05-17,98.9,73.5,94.4,65.6,0.0,0.0,0.0,17.6,29.29
2022-05-18,99.0,74.8,93.5,68.3,0.0,0.0,0.0,11.3,29.42
2022-05-19,102.7,74.6,97.4,68.7,0.0,0.0,0.0,24.8,29.28
2022-05-20,84.7,69.6,76.2,56.2,0.0,0.0,0.0,26.6,29.74
2022-05-21,83.6,59.8,78.9,52.7,0.0,0.0,0.0,17.0,30.03
2022-05-22,94.1,65.2,87.3,57.3,0.0,0.0,0.0,15.5,29.68
2022-05-23,90.1,68.6,86.2,60.8,0.0,0.0,0.0,13.0,29.58
2022-05-24,92.0,66.6,87.3,57.5,0.0,0.0,0.0,12.4,30.02
2022-05-25,98.6,68.1,93.8,60.4,0.0,0.0,0.0,10.2,29.65
2022-05-26,102.8,72.9,96.0,66.4,0.0,0.0,0.0,18.2,29.31
2022-05-27,101.1,76.9,91.0,68.5,0.0,0.0,0.0,19.3,28.92
2022-05-28,94.6,76.9,88.3,67.7,0.0,0.0,0.0,24.5,28.85
2022-05-29,87.3,66.0,76.3,61.3,0.0,0.0,0.0,27.4,30.46
2022-05-30,82.2,60.3,77.1,53.7,0.0,0.0,0.0,17.3,30.02
2022-05-31,86.8,64.0,83.7,56.3,0.0,0.0,0.0,13.1,30.07
2022-06-01,90.5,64.8,86.7,57.8,0.0,0.0,0.0,15.9,30.3
2022-06-02,99.3,70.3,92.3,63.3,0.0,0.0,0.0,14.5,29.93
2022-06-03,99.1,75.8,88.9,66.9,0.0,0.0,0.0,19.3,28.64
2022-06-04,95.7,76.0,86.6,67.0,0.0,0.0,0.0,22.4,25.3
2022-06-05,100.8,71.8,98.5,68.7,0.0,0.0,0.0,17.8,28.62
2022-06-06,101.3,73.1,97.9,70.4,0.0,0.0,0.0,13.3,28.41
2022-06-07,104.7,76.6,100.9,69.6,0.0,0.0,0.0,16.8,29.34
2022-06-08,107.2,81.3,105.5,77.9,0.0,0.0,0.0,19.3,29.31
2022-06-09,108.3,83.1,102.6,80.4,0.0,0.0,0.0,17.5,28.61
2022-06-10,109.2,80.2,103.1,75.6,0.0,0.0,0.0,15.7,29.13
2022-06-11,108.6,87.6,98.8,80.5,0.0,0.0,0.0,21.4,29.63
2022-06-12,107.2,82.8,94.9,75.5,0.0,0.0,0.0,24.4,29.96
2022-06-13,97.7,79.2,93.7,71.3,0.0,0.0,0.0,23.4,28.65
2022-06-14,91.8,71.7,88.9,63.3,0.0,0.0,0.0,11.0,30.13
2022-06-15,99.6,68.9,94.9,61.0,0.0,0.0,0.0,8.1,30.19
2022-06-16,108.0,79.2,103.9,73.3,0.0,0.0,0.0,16.7,30.11
2022-06-17,103.1,81.1,93.2,73.0,0.0,0.0,0.0,31.0,29.76
2022-06-18,89.2,72.8,74.3,60.9,0.0,0.0,0.0,20.0,19.82
2022-06-19,86.4,65.3,79.4,54.0,0.0,0.0,0.0,18.5,30.51
2022-06-20,93.2,68.4,89.4,59.7,0.0,0.0,0.0,10.0,30.47
2022-06-21,99.3,69.5,93.9,61.5,0.0,0.0,0.0,12.8,30.28
2022-06-22,96.8,77.6,93.0,70.4,0.0,0.0,0.0,28.6,17.91
2022-06-23,100.4,71.7,96.3,70.4,0.0,0.0,0.0,17.1,26.73
2022-06-24,102.8,74.7,99.9,69.8,0.0,0.0,0.0,17.5,29.41
2022-06-25,105.1,76.6,100.7,70.3,0.0,0.0,0.0,11.0,29.39
2022-06-26,106.4,82.0,102.6,76.6,0.0,0.0,0.0,11.5,27.37
2022-06-27,104.8,82.3,104.5,82.2,0.0,0.0,0.0,14.5,27.12
2022-06-28,108.5,83.4,107.6,79.6,0.0,0.0,0.0,15.3,26.61
2022-06-29,107.4,86.4,100.2,82.9,0.0,0.0,0.0,18.6,28.43
2022-06-30,104.5,85.6,96.6,77.8,0.0,0.0,0.0,19.3,28.59
2022-07-01,104.4,83.5,94.3,76.3,0.0,0.0,0.0,21.3,29.58
2022-07-02,103.7,81.5,95.6,74.9,0.0,0.0,0.0,21.0,29.34
2022-07-03,99.7,79.0,89.2,69.4,0.0,0.0,0.0,20.0,30.11
2022-07-04,101.2,73.6,93.2,68.0,0.0,0.0,0.0,16.1,29.78
2022-07-05,102.2,75.2,95.9,70.7,0.0,0.0,0.0,15.4,29.53
2022-07-06,102.2,76.0,94.8,72.9,0.0,0.0,0.0,14.9,29.51
2022-07-07,104.6,76.8,99.4,72.5,0.0,0.0,0.0,15.2,29.18
2022-07-08,107.8,79.0,102.2,74.0,0.0,0.0,0.0,15.6,29.48
2022-07-09,108.6,81.3,99.6,77.0,0.0,0.0,0.0,17.2,28.98
2022-07-10,112.0,85.6,107.6,79.6,0.0,0.0,0.0,11.7,28.14
2022-07-11,111.6,83.4,110.1,79.4,0.0,0.0,0.0,9.3,28.44
2022-07-12,113.4,88.6,111.4,83.8,0.0,0.0,0.0,15.5,27.45
2022-07-13,110.2,87.1,107.5,83.4,0.0,0.0,0.0,19.4,23.39
2022-07-14,103.8,86.2,100.5,84.1,0.024,0.024,0.0,23.3,17.83
2022-07-15,104.2,80.1,106.2,84.0,0.0,0.0,0.0,18.8,26.13
2022-07-16,110.2,86.3,110.4,84.9,0.0,0.0,0.0,13.4,26.86
2022-07-17,107.9,86.1,108.5,84.9,0.028,0.028,0.0,11.6,22.3
2022-07-18,102.9,87.8,103.2,85.6,0.075,0.075,0.0,19.5,17.91
2022-07-19,108.9,81.8,110.7,83.6,0.0,0.0,0.0,20.0,26.2
2022-07-20,111.8,85.6,109.5,82.5,0.0,0.0,0.0,18.0,27.66
2022-07-21,112.8,86.3,109.7,82.2,0.0,0.0,0.0,17.8,27.92
2022-07-22,114.3,86.2,111.3,82.9,0.0,0.0,0.0,16.2,25.44
2022-07-23,109.4,87.5,105.1,82.0,0.0,0.0,0.0,13.2,24.0
2022-07-24,106.0,85.9,105.1,85.2,0.0,0.0,0.0,18.1,24.88
2022-07-25,91.5,76.7,97.8,80.6,0.287,0.287,0.0,14.7,17.42
2022-07-26,95.2,78.8,99.9,82.9,0.024,0.024,0.0,13.3,23.01
2022-07-27,97.6,81.1,101.6,85.4,0.11,0.11,0.0,18.6,20.75
2022-07-28,101.7,78.0,105.2,82.5,0.031,0.031,0.0,11.5,26.19
2022-07-29,100.7,77.9,103.5,80.1,0.0,0.0,0.0,15.5,26.03
2022-07-30,98.7,77.8,103.0,82.4,0.0,0.0,0.0,10.6,26.14
2022-07-31,92.9,79.5,96.9,82.2,0.118,0.118,0.0,15.1,18.28
2022-08-01,96.0,77.4,100.1,83.9,0.008,0.008,0.0,12.8,22.78
2022-08-02,101.8,80.1,100.8,83.2,0.028,0.028,0.0,12.3,22.29
2022-08-03,104.8,83.8,107.4,82.6,0.0,0.0,0.0,16.6,22.63
2022-08-04,99.1,75.9,103.5,74.9,0.079,0.079,0.0,26.5,14.32
2022-08-05,90.5,72.3,94.5,77.3,0.457,0.457,0.0,13.6,22.11
2022-08-06,94.4,74.2,99.1,75.8,0.0,0.0,0.0,13.1,26.21
2022-08-07,101.3,73.5,101.9,74.7,0.0,0.0,0.0,10.6,26.45
2022-08-08,99.2,78.9,99.1,82.1,0.008,0.008,0.0,18.9,18.29
2022-08-09,91.3,80.2,97.5,83.3,0.169,0.169,0.0,15.1,14.19
2022-08-10,95.8,77.3,99.9,83.0,0.039,0.039,0.0,10.2,21.0
2022-08-11,100.3,78.4,101.9,78.8,0.008,0.008,0.0,10.9,22.19
2022-08-12,96.3,79.1,102.9,81.8,0.071,0.071,0.0,10.1,20.69
2022-08-13,93.3,76.0,98.8,82.5,0.0,0.0,0.0,9.5,18.06
2022-08-14,95.3,77.8,99.0,83.1,0.047,0.047,0.0,9.6,20.86
2022-08-15,98.2,78.4,98.2,81.0,0.012,0.012,0.0,9.1,21.67
2022-08-16,101.1,79.5,102.9,81.2,0.0,0.0,0.0,8.9,24.22
2022-08-17,102.7,81.5,106.3,83.3,0.0,0.0,0.0,11.7,24.15
2022-08-18,100.0,79.3,103.2,81.8,0.047,0.047,0.0,20.0,23.59
2022-08-19,100.9,78.1,101.4,78.8,0.0,0.0,0.0,14.3,23.49
2022-08-20,98.5,81.8,103.7,81.0,0.012,0.012,0.0,10.8,22.76
2022-08-21,103.8,81.5,104.5,81.0,0.0,0.0,0.0,10.8,23.9
2022-08-22,104.1,80.2,106.3,81.7,0.0,0.0,0.0,8.6,23.83
2022-08-23,105.9,83.2,108.0,82.4,0.0,0.0,0.0,10.8,24.15
2022-08-24,104.3,84.3,103.5,80.9,0.008,0.008,0.0,17.1,22.21
2022-08-25,98.5,76.5,100.3,79.3,0.055,0.055,0.0,10.6,23.04
2022-08-26,101.8,80.2,102.5,79.6,0.075,0.075,0.0,24.3,22.95
2022-08-27,105.6,79.4,101.5,79.6,0.0,0.0,0.0,16.5,25.06
2022-08-28,104.4,78.7,100.9,76.7,0.0,0.0,0.0,14.0,24.06
2022-08-29,104.2,81.0,104.7,82.1,0.0,0.0,0.0,8.8,23.4
2022-08-30,108.9,81.8,108.2,78.6,0.0,0.0,0.0,6.8,24.34
2022-08-31,111.0,81.9,106.6,76.9,0.0,0.0,0.0,8.9,24.59
2022-09-01,110.4,84.1,107.9,80.1,0.0,0.0,0.0,10.4,23.95
2022-09-02,107.3,84.2,107.4,81.0,0.0,0.0,0.0,15.8,22.57
2022-09-03,107.7,81.8,107.1,82.2,0.0,0.0,0.0,8.9,23.3
2022-09-04,107.8,83.7,109.5,83.2,0.0,0.0,0.0,9.1,22.35
2022-09-05,108.5,83.8,108.5,80.3,0.0,0.0,0.0,8.9,23.22
2022-09-06,111.1,83.4,106.4,77.8,0.0,0.0,0.0,8.2,23.37
2022-09-07,106.3,83.7,108.6,81.2,0.0,0.0,0.0,13.1,21.08
2022-09-08,104.9,80.8,106.0,81.7,0.0,0.0,0.0,10.7,21.9
2022-09-09,99.1,82.2,97.5,82.2,0.0,0.0,0.0,13.5,17.24
2022-09-10,88.9,75.1,93.1,77.5,0.067,0.067,0.0,15.1,16.21
2022-09-11,95.2,74.2,95.3,76.0,0.0,0.0,0.0,6.4,20.87
2022-09-12,86.2,70.2,89.5,72.8,0.551,0.551,0.0,14.6,17.05
2022-09-13,89.4,71.8,88.0,73.4,0.118,0.118,0.0,16.7,17.63
2022-09-14,90.2,67.7,87.0,69.8,0.0,0.0,0.0,10.7,20.22
2022-09-15,92.4,71.8,88.0,71.0,0.0,0.0,0.0,14.7,20.46
2022-09-16,92.8,66.4,89.9,60.8,0.0,0.0,0.0,10.3,21.84
2022-09-17,94.1,70.2,87.0,67.2,0.0,0.0,0.0,16.6,22.11
2022-09-18,94.6,68.8,86.4,63.8,0.0,0.0,0.0,16.6,22.31
2022-09-19,95.6,63.9,90.9,58.1,0.0,0.0,0.0,12.5,21.9
2022-09-20,96.4,71.5,89.5,67.6,0.0,0.0,0.0,18.9,21.64
2022-09-21,93.0,69.3,86.2,64.7,0.0,0.0,0.0,19.6,21.25
2022-09-22,94.2,63.8,88.4,58.7,0.0,0.0,0.0,10.6,22.03
2022-09-23,93.0,63.0,89.2,53.9,0.0,0.0,0.0,8.5,21.69
2022-09-24,97.0,71.6,92.6,65.5,0.0,0.0,0.0,7.8,20.62
2022-09-25,97.6,71.8,92.6,66.0,0.0,0.0,0.0,11.3,21.15
2022-09-26,97.8,69.3,92.5,62.4,0.0,0.0,0.0,7.1,20.98
2022-09-27,98.1,71.2,94.1,64.3,0.0,0.0,0.0,8.7,19.61
2022-09-28,97.0,74.8,96.7,72.6,0.0,0.0,0.0,9.0,18.17
2022-09-29,99.0,70.2,94.8,68.5,0.0,0.0,0.0,11.0,18.75
2022-09-30,95.8,74.1,88.8,72.9,0.0,0.0,0.0,13.3,19.8
2022-10-01,94.8,68.6,89.3,63.8,0.0,0.0,0.0,15.7,19.63
2022-10-02,93.7,74.3,90.2,72.4,0.0,0.0,0.0,13.6,16.84
2022-10-03,90.8,71.7,89.4,69.9,0.0,0.0,0.0,10.7,17.83
2022-10-04,90.7,73.8,88.5,72.0,0.0,0.0,0.0,7.1,18.28
2022-10-05,91.5,66.7,87.3,61.9,0.0,0.0,0.0,6.3,18.64
2022-10-06,91.1,71.5,86.1,66.2,0.0,0.0,0.0,7.6,18.77
2022-10-07,90.8,72.8,86.1,67.5,0.0,0.0,0.0,9.3,18.36
2022-10-08,90.0,69.5,87.4,65.6,0.0,0.0,0.0,7.3,17.97
2022-10-09,88.6,64.7,85.7,63.9,0.0,0.0,0.0,6.2,17.53
2022-10-10,88.5,67.6,85.6,64.2,0.0,0.0,0.0,9.5,16.32
2022-10-11,89.4,64.6,85.3,59.5,0.0,0.0,0.0,6.6,17.89
2022-10-12,90.3,63.6,85.5,56.9,0.0,0.0,0.0,6.8,17.88
2022-10-13,90.3,61.6,83.8,53.9,0.0,0.0,0.0,7.2,17.92
2022-10-14,89.5,62.2,84.2,55.2,0.0,0.0,0.0,6.0,17.63
2022-10-15,87.9,69.3,84.1,62.9,0.0,0.0,0.0,7.5,16.92
2022-10-16,81.3,62.4,78.1,61.8,0.0,0.0,0.0,7.1,16.56
2022-10-17,85.1,63.5,80.3,60.9,0.0,0.0,0.0,9.5,16.6
2022-10-18,86.4,66.4,81.5,61.5,0.0,0.0,0.0,7.2,16.78
2022-10-19,87.1,66.2,80.5,60.1,0.0,0.0,0.0,8.7,16.68
2022-10-20,85.0,63.9,79.7,57.3,0.0,0.0,0.0,4.8,16.08
2022-10-21,86.1,62.5,79.7,57.9,0.0,0.0,0.0,10.6,16.41
2022-10-22,82.5,62.3,67.5,50.9,0.0,0.0,0.0,33.1,13.11
2022-10-23,63.7,51.4,52.0,42.1,0.016,0.016,0.0,27.1,16.57
2022-10-24,63.8,46.0,57.0,34.8,0.0,0.0,0.0,17.4,16.33
2022-10-25,69.7,45.4,62.4,37.6,0.0,0.0,0.0,5.4,15.91
2022-10-26,71.7,48.6,64.5,41.0,0.0,0.0,0.0,8.4,15.96
2022-10-27,67.0,46.8,58.7,39.1,0.0,0.0,0.0,12.2,16.0
2022-10-28,68.6,46.8,61.5,39.0,0.0,0.0,0.0,5.9,15.54
2022-10-29,73.2,45.0,66.3,36.3,0.0,0.0,0.0,7.7,15.48
2022-10-30,76.9,51.7,69.9,44.2,0.0,0.0,0.0,8.1,15.27
2022-10-31,74.5,52.4,68.2,44.5,0.0,0.0,0.0,6.5,14.77
2022-11-01,80.3,55.0,70.2,49.7,0.0,0.0,0.0,21.0,14.18
2022-11-02,63.7,50.5,53.0,37.3,0.0,0.0,0.0,19.9,4.46
2022-11-03,56.0,43.4,49.4,34.5,0.055,0.055,0.0,17.1,8.89
2022-11-04,60.3,41.7,53.1,31.8,0.0,0.0,0.0,16.5,14.13
2022-11-05,63.3,38.1,57.8,30.5,0.0,0.0,0.0,6.0,14.21
2022-11-06,72.0,44.4,64.0,37.4,0.0,0.0,0.0,14.5,13.78
2022-11-07,72.9,57.7,62.8,49.4,0.0,0.0,0.0,20.9,13.04
2022-11-08,67.0,52.3,58.0,43.5,0.697,0.697,0.0,27.1,7.8
2022-11-09,57.7,47.3,52.8,36.2,0.075,0.075,0.0,20.3,13.01
2022-11-10,57.5,43.2,52.5,32.2,0.0,0.0,0.0,16.7,13.85
2022-11-11,55.1,35.5,47.5,27.9,0.0,0.0,0.0,6.4,13.67
2022-11-12,57.7,38.6,49.3,31.4,0.0,0.0,0.0,8.6,13.6
2022-11-13,57.9,36.3,50.1,28.9,0.0,0.0,0.0,20.4,11.71
2022-11-14,57.1,37.0,50.8,30.4,0.0,0.0,0.0,12.3,13.28
2022-11-15,59.4,37.2,47.3,30.9,0.0,0.0,0.0,16.8,13.27
2022-11-16,60.4,37.8,50.4,28.8,0.0,0.0,0.0,14.1,13.2
2022-11-17,59.3,41.5,53.1,33.2,0.0,0.0,0.0,6.6,13.09
2022-11-18,61.6,37.8,52.3,29.7,0.0,0.0,0.0,10.8,11.04
2022-11-19,59.0,39.7,48.2,29.6,0.0,0.0,0.0,15.7,13.0
2022-11-20,59.9,39.5,51.4,31.6,0.0,0.0,0.0,7.2,13.04
2022-11-21,61.2,37.0,54.1,27.8,0.0,0.0,0.0,6.4,12.88
2022-11-22,61.0,43.0,54.7,34.8,0.0,0.0,0.0,5.2,12.52
2022-11-23,63.7,36.7,56.8,27.6,0.0,0.0,0.0,8.2,12.16
2022-11-24,63.9,40.8,53.6,31.7,0.0,0.0,0.0,15.0,12.2
2022-11-25,60.4,42.6,53.6,34.8,0.0,0.0,0.0,4.8,12.29
2022-11-26,59.0,41.4,52.7,34.1,0.0,0.0,0.0,7.9,9.85
2022-11-27,58.4,35.2,51.5,27.7,0.0,0.0,0.0,7.7,11.97
2022-11-28,63.7,35.6,57.0,27.9,0.0,0.0,0.0,9.7,11.66
2022-11-29,56.0,39.8,47.6,31.8,0.0,0.0,0.0,14.3,11.81
2022-11-30,53.9,35.9,46.7,27.7,0.0,0.0,0.0,5.8,11.49
2022-12-01,59.3,33.2,50.4,25.5,0.0,0.0,0.0,14.0,6.42
2022-12-02,61.8,46.1,55.2,40.3,0.0,0.0,0.0,24.3,10.41
2022-12-03,62.3,47.4,55.8,43.1,0.0,0.0,0.0,7.2,10.32
2022-12-04,65.2,42.6,60.7,38.8,0.0,0.0,0.0,17.0,9.81
2022-12-05,63.7,48.6,53.3,44.4,0.0,0.0,0.0,17.5,9.2
2022-12-06,56.8,42.3,51.5,37.9,0.0,0.0,0.0,6.3,10.02
2022-12-07,56.7,39.2,51.0,31.6,0.0,0.0,0.0,10.1,10.5
2022-12-08,54.5,35.8,48.5,28.9,0.0,0.0,0.0,5.8,11.13
2022-12-09,54.7,36.0,48.3,29.6,0.0,0.0,0.0,5.5,10.99
2022-12-10,56.4,36.6,48.4,30.9,0.0,0.0,0.0,8.6,9.19
2022-12-11,55.6,40.3,47.6,31.6,0.118,0.118,0.0,16.3,2.7
2022-12-12,50.2,29.8,43.0,21.7,0.0,0.0,0.0,8.1,9.74
2022-12-13,50.8,32.6,42.7,24.6,0.0,0.0,0.0,7.3,10.31
2022-12-14,51.0,31.0,43.1,23.0,0.0,0.0,0.0,6.7,10.92
2022-12-15,52.5,30.3,45.3,21.3,0.0,0.0,0.0,8.8,10.98
2022-12-16,50.4,28.9,41.9,20.7,0.0,0.0,0.0,6.8,11.06
2022-12-17,47.1,26.7,41.0,18.3,0.0,0.0,0.0,6.4,11.17
2022-12-18,49.5,29.9,42.8,21.8,0.0,0.0,0.0,6.1,10.87
2022-12-19,50.5,28.5,44.6,20.1,0.0,0.0,0.0,6.3,10.94
2022-12-20,53.0,32.6,47.2,25.2,0.0,0.0,0.0,5.5,10.43
2022-12-21,53.8,32.2,48.0,24.4,0.0,0.0,0.0,6.4,10.81
2022-12-22,55.4,33.4,52.0,25.7,0.0,0.0,0.0,7.4,9.19
2022-12-23,59.5,37.4,54.6,30.5,0.0,0.0,0.0,7.3,10.57
2022-12-24,61.6,40.8,56.6,34.1,0.0,0.0,0.0,7.8,10.54
2022-12-25,64.9,43.2,59.6,36.6,0.0,0.0,0.0,6.0,10.58
2022-12-26,64.0,43.2,59.9,36.8,0.0,0.0,0.0,6.2,9.3
2022-12-27,70.4,43.2,61.3,37.8,0.039,0.039,0.0,17.0,4.44
2022-12-28,62.4,48.1,52.4,41.1,0.0,0.0,0.0,17.9,9.86
2022-12-29,54.8,38.3,49.0,30.4,0.0,0.0,0.0,7.6,7.49
2022-12-30,50.7,37.4,46.2,31.4,0.0,0.0,0.0,7.8,4.23
2022-12-31,65.9,45.8,56.4,41.7,0.0,0.0,0.0,17.7,6.36
2023-01-01,57.2,46.7,50.7,34.8,0.35,0.35,0.0,18.2,7.91
2023-01-02,51.8,36.8,45.9,29.3,0.0,0.0,0.0,15.6,10.66
2023-01-03,51.3,41.6,46.2,34.8,0.008,0.008,0.0,14.0,8.87
2023-01-04,51.1,39.4,48.2,34.0,0.02,0.02,0.0,6.7,3.26
2023-01-05,53.5,42.3,51.4,38.8,0.354,0.354,0.0,12.8,4.47
2023-01-06,55.5,36.3,50.1,30.9,0.0,0.0,0.0,8.8,11.1
2023-01-07,53.2,41.6,50.1,36.3,0.0,0.0,0.0,4.9,7.87
2023-01-08,51.8,35.5,48.2,29.1,0.0,0.0,0.0,6.6,9.23
2023-01-09,52.3,39.0,49.7,33.2,0.075,0.075,0.0,6.5,3.56
2023-01-10,57.2,44.9,51.4,37.0,0.374,0.374,0.0,20.6,5.28
2023-01-11,53.4,35.7,48.9,30.1,0.0,0.0,0.0,6.8,11.15
2023-01-12,56.1,39.5,53.0,33.7,0.0,0.0,0.0,4.7,10.53
2023-01-13,55.8,46.5,50.6,40.5,0.0,0.0,0.0,5.4,9.49
2023-01-14,51.8,40.8,48.9,35.2,0.252,0.252,0.0,13.5,3.0
2023-01-15,55.0,46.0,49.2,38.0,0.0,0.0,0.0,14.1,8.83
2023-01-16,55.6,43.2,48.3,33.0,0.059,0.059,0.0,30.6,6.94
2023-01-17,50.8,39.1,41.1,33.0,0.0,0.0,0.0,19.6,8.9
2023-01-18,50.6,33.6,45.1,25.6,0.0,0.0,0.0,14.5,12.39
2023-01-19,46.0,33.3,40.7,27.6,0.0,0.0,0.0,15.6,7.11
2023-01-20,49.5,35.0,41.1,25.0,0.008,0.004,0.028,21.8,12.4
2023-01-21,50.1,31.5,42.3,24.0,0.0,0.0,0.0,12.9,12.68
2023-01-22,51.2,30.3,41.8,22.7,0.0,0.0,0.0,18.2,12.83
2023-01-23,52.6,33.1,44.1,23.8,0.0,0.0,0.0,18.8,12.79
2023-01-24,55.8,36.6,49.5,25.7,0.0,0.0,0.0,18.5,13.09
2023-01-25,56.6,31.3,48.7,23.7,0.0,0.0,0.0,9.7,12.64
2023-01-26,56.4,34.2,49.0,26.4,0.0,0.0,0.0,10.8,13.14
2023-01-27,56.5,33.2,49.8,26.0,0.0,0.0,0.0,7.0,13.4
2023-01-28,55.3,36.5,47.6,29.4,0.0,0.0,0.0,6.7,13.51
2023-01-29,59.5,35.1,49.0,29.2,0.0,0.0,0.0,17.0,13.6
2023-01-30,47.9,37.6,39.7,26.6,0.047,0.047,0.0,12.6,3.48
2023-01-31,49.8,31.8,39.1,17.7,0.0,0.0,0.0,17.3,14.39
2023-02-01,57.2,29.2,50.7,21.1,0.0,0.0,0.0,7.1,14.22
2023-02-02,60.0,36.0,54.2,28.8,0.0,0.0,0.0,4.6,14.21
2023-02-03,60.5,42.1,54.3,35.9,0.0,0.0,0.0,5.4,10.18
2023-02-04,63.3,39.3,56.8,31.7,0.0,0.0,0.0,5.9,14.22
2023-02-05,65.1,37.8,50.5,31.2,0.0,0.0,0.0,24.8,13.57
2023-02-06,59.9,42.9,48.8,32.6,0.0,0.0,0.0,23.8,14.74
2023-02-07,60.5,41.7,53.0,29.2,0.0,0.0,0.0,18.2,14.96
2023-02-08,63.6,39.3,56.5,32.2,0.0,0.0,0.0,5.9,15.05
2023-02-09,59.2,38.8,48.9,32.3,0.0,0.0,0.0,17.3,15.47
2023-02-10,60.6,35.2,52.1,26.7,0.0,0.0,0.0,7.7,15.8
2023-02-11,62.6,40.6,53.3,32.0,0.0,0.0,0.0,10.1,12.83
2023-02-12,66.5,45.0,55.8,37.7,0.0,0.0,0.0,17.4,13.08
2023-02-13,64.6,45.1,57.9,37.6,0.004,0.004,0.0,13.7,15.65
2023-02-14,53.9,36.5,45.9,21.3,0.079,0.079,0.0,33.6,8.69
2023-02-15,53.9,34.6,42.5,21.7,0.008,0.008,0.0,22.5,16.19
2023-02-16,50.8,29.3,40.9,20.3,0.0,0.0,0.0,11.6,17.1
2023-02-17,55.9,36.7,45.9,29.1,0.0,0.0,0.0,11.4,15.48
2023-02-18,61.0,36.7,53.0,28.7,0.0,0.0,0.0,5.2,16.79
2023-02-19,65.2,36.9,58.2,28.5,0.0,0.0,0.0,6.3,16.7
2023-02-20,68.6,44.5,61.7,36.8,0.0,0.0,0.0,6.1,17.09
2023-02-21,71.7,45.9,59.8,38.4,0.0,0.0,0.0,34.6,15.18
2023-02-22,54.0,36.5,40.6,27.6,0.126,0.028,0.689,25.5,15.71
2023-02-23,50.8,34.0,38.2,23.2,0.008,0.008,0.0,22.8,15.02
2023-02-24,54.0,29.9,43.1,23.0,0.016,0.016,0.0,16.3,9.74
2023-02-25,62.2,42.7,50.8,35.4,0.378,0.378,0.0,22.0,9.71
2023-02-26,53.1,32.8,47.2,26.5,0.008,0.008,0.0,15.1,18.09
2023-02-27,58.2,39.3,45.1,29.5,0.0,0.0,0.0,24.4,16.83
2023-02-28,55.0,41.3,44.3,32.5,0.008,0.008,0.0,24.5,13.26
2023-03-01,52.4,41.9,43.7,28.8,0.15,0.15,0.0,19.1,11.94
2023-03-02,55.8,41.3,48.9,23.3,0.0,0.0,0.0,29.5,19.11
2023-03-03,58.2,34.6,51.3,27.0,0.0,0.0,0.0,6.8,19.28
2023-03-04,63.5,39.0,51.7,33.5,0.0,0.0,0.0,27.1,16.26
2023-03-05,59.3,43.6,46.2,32.1,0.0,0.0,0.0,26.2,15.98
2023-03-06,60.0,43.8,50.5,34.1,0.0,0.0,0.0,16.4,16.85
2023-03-07,60.9,39.5,54.6,31.9,0.0,0.0,0.0,15.7,20.06
2023-03-08,64.7,42.4,54.4,34.3,0.0,0.0,0.0,19.8,16.46
2023-03-09,67.4,41.2,58.7,32.8,0.0,0.0,0.0,13.5,19.02
2023-03-10,73.3,60.2,63.5,49.1,0.051,0.051,0.0,23.1,8.53
2023-03-11,72.5,59.0,63.5,52.1,0.0,0.0,0.0,20.3,15.54
2023-03-12,72.6,47.5,68.0,42.9,0.0,0.0,0.0,11.5,19.66
2023-03-13,72.9,50.2,67.6,44.2,0.0,0.0,0.0,10.3,20.17
2023-03-14,65.6,55.7,61.0,49.0,0.059,0.059,0.0,12.2,3.48
2023-03-15,68.1,55.3,61.1,48.2,0.114,0.114,0.0,20.3,13.27
2023-03-16,61.7,45.4,56.2,37.9,0.0,0.0,0.0,14.3,20.51
2023-03-17,62.7,39.5,58.0,33.3,0.0,0.0,0.0,9.1,21.69
2023-03-18,64.2,40.9,55.9,33.7,0.0,0.0,0.0,11.2,21.68
2023-03-19,63.1,48.7,55.5,41.3,0.028,0.028,0.0,17.9,7.13
2023-03-20,67.1,45.0,57.9,41.3,0.0,0.0,0.0,17.4,17.39
2023-03-21,60.3,49.5,48.5,43.1,0.118,0.118,0.0,21.2,8.72
2023-03-22,58.3,44.8,49.0,34.3,0.063,0.063,0.0,18.9,21.15
2023-03-23,60.3,41.7,57.7,36.3,0.0,0.0,0.0,13.2,20.92
2023-03-24,62.5,38.3,53.4,32.5,0.0,0.0,0.0,18.4,22.7
2023-03-25,58.5,38.8,52.5,30.5,0.0,0.0,0.0,9.9,19.93
2023-03-26,60.0,40.4,51.2,31.8,0.012,0.012,0.0,19.9,21.48
2023-03-27,57.7,35.1,47.5,24.4,0.0,0.0,0.0,13.9,24.2
2023-03-28,72.1,40.5,61.8,31.7,0.0,0.0,0.0,10.8,23.44
2023-03-29,64.1,47.6,54.2,38.2,0.047,0.047,0.0,23.6,11.24
2023-03-30,58.1,40.5,51.8,33.2,0.004,0.004,0.0,14.0,19.13
2023-03-31,67.8,34.9,60.1,29.8,0.0,0.0,0.0,10.1,24.08
2023-04-01,73.5,45.7,65.9,38.4,0.0,0.0,0.0,9.0,24.52
2023-04-02,78.4,49.1,69.4,42.6,0.0,0.0,0.0,22.9,24.2
2023-04-03,61.5,43.2,49.8,26.8,0.031,0.031,0.0,30.1,15.69
2023-04-04,56.1,38.6,43.4,22.7,0.0,0.0,0.0,24.7,25.37
2023-04-05,58.5,38.0,50.5,27.0,0.0,0.0,0.0,16.4,25.46
2023-04-06,65.8,40.2,57.1,32.9,0.0,0.0,0.0,14.2,25.66
2023-04-07,76.8,48.9,67.0,40.9,0.0,0.0,0.0,9.4,22.26
2023-04-08,79.8,54.9,76.4,49.3,0.0,0.0,0.0,11.9,23.54
2023-04-09,85.0,54.7,80.2,48.2,0.0,0.0,0.0,8.1,25.11
2023-04-10,89.6,63.3,84.2,57.3,0.0,0.0,0.0,6.7,25.44
2023-04-11,94.8,64.8,89.7,58.9,0.0,0.0,0.0,19.2,25.62
2023-04-12,85.1,66.3,73.1,58.6,0.0,0.0,0.0,20.5,20.3
2023-04-13,77.6,59.3,70.4,48.7,0.0,0.0,0.0,21.5,24.71
2023-04-14,74.6,51.6,69.1,45.5,0.0,0.0,0.0,12.8,26.46
2023-04-15,78.7,54.1,73.4,45.9,0.0,0.0,0.0,7.5,26.75
2023-04-16,85.1,59.5,79.5,52.0,0.0,0.0,0.0,8.9,25.62
2023-04-17,85.9,58.3,74.2,51.9,0.0,0.0,0.0,21.8,26.54
2023-04-18,78.1,58.6,65.8,48.6,0.0,0.0,0.0,23.1,26.77
2023-04-19,70.1,52.9,58.0,40.8,0.0,0.0,0.0,20.2,27.58
2023-04-20,74.5,47.5,67.4,37.8,0.0,0.0,0.0,12.8,27.32
2023-04-21,86.7,54.0,80.0,45.9,0.0,0.0,0.0,11.9,26.44
2023-04-22,82.1,61.9,77.4,56.4,0.0,0.0,0.0,11.9,25.89
2023-04-23,86.5,63.8,81.8,57.5,0.0,0.0,0.0,13.2,25.19
2023-04-24,88.4,59.5,84.5,54.6,0.0,0.0,0.0,15.1,26.69
2023-04-25,80.2,63.6,73.2,54.8,0.0,0.0,0.0,17.5,28.03
2023-04-26,83.6,55.7,80.0,49.0,0.0,0.0,0.0,14.1,27.77
2023-04-27,91.3,61.2,86.0,53.6,0.0,0.0,0.0,9.1,27.79
2023-04-28,90.1,64.6,81.7,57.5,0.0,0.0,0.0,18.6,28.01
2023-04-29,96.0,66.3,90.0,58.6,0.0,0.0,0.0,12.7,28.27
2023-04-30,98.8,69.7,95.0,62.2,0.0,0.0,0.0,22.2,27.5
2023-05-01,90.8,66.7,80.9,56.4,0.0,0.0,0.0,23.6,27.68
2023-05-02,80.4,55.5,73.7,44.5,0.0,0.0,0.0,18.1,27.31
2023-05-03,81.2,55.8,71.8,48.5,0.0,0.0,0.0,17.8,26.85
2023-05-04,69.6,55.2,60.4,47.6,0.028,0.028,0.0,19.1,24.36
2023-05-05,73.2,52.6,63.8,45.9,0.0,0.0,0.0,17.0,27.28
2023-05-06,75.1,55.0,65.7,46.4,0.0,0.0,0.0,18.7,25.9
2023-05-07,81.9,55.0,76.0,47.8,0.0,0.0,0.0,20.8,28.08
2023-05-08,85.1,61.5,75.3,53.6,0.0,0.0,0.0,23.2,29.11
2023-05-09,85.6,57.4,76.8,49.1,0.0,0.0,0.0,20.0,28.95
2023-05-10,83.2,61.9,78.3,52.9,0.0,0.0,0.0,18.6,26.25
2023-05-11,86.5,58.9,82.4,53.4,0.0,0.0,0.0,13.7,28.57
2023-05-12,92.9,66.4,88.8,59.0,0.0,0.0,0.0,16.3,26.91
2023-05-13,92.9,69.5,88.0,60.3,0.0,0.0,0.0,17.9,28.49
2023-05-14,94.8,68.2,89.6,63.5,0.0,0.0,0.0,13.2,26.61
2023-05-15,95.4,68.4,93.4,64.8,0.0,0.0,0.0,8.8,27.31
2023-05-16,97.2,75.3,94.8,69.9,0.0,0.0,0.0,21.9,25.71
2023-05-17,95.2,72.8,93.5,70.5,0.008,0.008,0.0,15.5,26.5
2023-05-18,96.8,69.8,94.5,66.4,0.0,0.0,0.0,15.5,27.51
2023-05-19,95.4,72.9,93.8,69.4,0.0,0.0,0.0,21.3,25.97
2023-05-20,91.8,72.1,93.4,69.8,0.004,0.004,0.0,16.3,25.03
2023-05-21,94.1,70.5,93.6,68.6,0.0,0.0,0.0,17.9,28.03
2023-05-22,97.8,69.1,93.5,66.4,0.0,0.0,0.0,18.3,25.67
2023-05-23,96.9,75.1,93.0,70.3,0.0,0.0,0.0,21.2,25.39
2023-05-24,95.9,73.5,86.7,64.6,0.0,0.0,0.0,20.1,29.38
2023-05-25,92.8,67.3,84.7,62.2,0.0,0.0,0.0,15.8,25.75
2023-05-26,90.0,63.8,83.4,56.9,0.0,0.0,0.0,21.2,29.78
2023-05-27,92.1,65.0,87.2,59.7,0.0,0.0,0.0,11.9,29.25
2023-05-28,95.6,69.8,88.1,64.5,0.0,0.0,0.0,14.6,29.65
2023-05-29,93.6,67.8,85.9,61.1,0.0,0.0,0.0,15.5,29.52
2023-05-30,91.6,66.4,84.7,60.4,0.004,0.004,0.0,16.3,28.36
2023-05-31,88.4,66.1,86.0,61.5,0.0,0.0,0.0,18.7,28.59
2023-06-01,91.9,66.1,86.8,62.3,0.0,0.0,0.0,16.3,27.91
2023-06-02,94.3,70.5,89.9,65.4,0.0,0.0,0.0,12.5,28.49
2023-06-03,96.5,70.3,93.8,64.3,0.0,0.0,0.0,13.5,28.75
2023-06-04,98.4,76.6,95.4,70.5,0.0,0.0,0.0,11.9,28.65
2023-06-05,99.7,73.7,95.4,66.9,0.0,0.0,0.0,20.5,28.71
2023-06-06,92.7,69.4,83.8,64.1,0.0,0.0,0.0,15.7,29.66
2023-06-07,84.2,64.3,76.4,58.7,0.031,0.031,0.0,12.0,19.47
2023-06-08,88.5,63.4,83.4,58.1,0.0,0.0,0.0,14.9,27.34
2023-06-09,92.8,66.7,89.2,62.3,0.0,0.0,0.0,11.0,27.45
2023-06-10,94.0,71.2,90.5,65.5,0.0,0.0,0.0,13.1,26.23
2023-06-11,87.3,72.9,83.1,66.8,0.134,0.134,0.0,17.9,23.88
2023-06-12,85.6,65.4,83.8,60.6,0.004,0.004,0.0,14.8,26.3
2023-06-13,93.2,66.3,88.4,62.4,0.0,0.0,0.0,13.2,28.01
2023-06-14,94.2,70.8,93.1,66.5,0.0,0.0,0.0,20.4,25.52
2023-06-15,95.5,75.6,94.4,71.2,0.0,0.0,0.0,18.3,23.33
2023-06-16,82.8,62.3,80.8,62.6,0.555,0.555,0.0,13.4,18.36
2023-06-17,97.3,68.7,95.1,68.3,0.0,0.0,0.0,14.0,27.81
2023-06-18,99.5,78.4,89.0,74.2,0.0,0.0,0.0,22.2,29.32
2023-06-19,94.6,77.1,83.5,70.1,0.0,0.0,0.0,27.2,28.9
2023-06-20,93.7,70.4,87.7,59.0,0.004,0.004,0.0,17.1,30.92
2023-06-21,96.3,68.7,89.3,60.1,0.0,0.0,0.0,16.5,30.34
2023-06-22,94.3,68.6,86.9,61.0,0.0,0.0,0.0,24.3,29.73
2023-06-23,91.0,66.6,85.0,55.9,0.0,0.0,0.0,17.8,30.51
2023-06-24,96.7,66.4,92.6,59.5,0.0,0.0,0.0,15.3,29.69
2023-06-25,98.3,71.3,88.4,64.7,0.0,0.0,0.0,20.1,30.48
2023-06-26,96.8,71.0,87.4,63.5,0.0,0.0,0.0,19.1,30.23
2023-06-27,98.6,66.1,93.6,60.6,0.0,0.0,0.0,11.6,30.31
2023-06-28,98.6,73.8,94.6,67.7,0.0,0.0,0.0,16.2,29.87
2023-06-29,99.9,72.2,97.0,65.5,0.0,0.0,0.0,11.5,28.73
2023-06-30,103.2,79.2,100.3,72.8,0.0,0.0,0.0,10.6,29.37
2023-07-01,106.9,80.2,105.7,74.5,0.0,0.0,0.0,10.1,29.31
2023-07-02,111.9,81.6,108.7,75.7,0.0,0.0,0.0,6.7,29.52
2023-07-03,113.0,81.8,108.4,75.7,0.0,0.0,0.0,21.0,29.14
2023-07-04,103.8,81.2,92.9,75.6,0.0,0.0,0.0,20.1,30.71
2023-07-05,105.7,75.9,101.7,71.3,0.0,0.0,0.0,14.0,30.1
2023-07-06,105.6,79.2,98.8,73.6,0.0,0.0,0.0,16.7,30.47
2023-07-07,104.4,76.6,100.6,72.1,0.0,0.0,0.0,15.0,29.95
2023-07-08,105.8,77.1,100.6,71.8,0.0,0.0,0.0,14.3,30.16
2023-07-09,106.1,80.3,98.9,75.0,0.0,0.0,0.0,19.3,29.37
2023-07-10,106.4,74.7,99.7,69.1,0.0,0.0,0.0,16.7,29.16
2023-07-11,107.8,82.8,101.5,78.7,0.0,0.0,0.0,17.6,28.71
2023-07-12,107.3,84.8,101.6,79.3,0.0,0.0,0.0,19.0,28.19
2023-07-13,109.5,81.5,104.6,78.6,0.0,0.0,0.0,13.3,29.22
2023-07-14,110.5,80.2,107.3,74.5,0.0,0.0,0.0,8.8,29.71
2023-07-15,114.1,85.3,110.4,78.9,0.0,0.0,0.0,5.7,29.53
2023-07-16,116.9,85.0,113.9,78.6,0.0,0.0,0.0,8.8,28.28
2023-07-17,113.8,88.1,110.6,84.0,0.0,0.0,0.0,17.7,22.87
2023-07-18,111.7,88.5,104.7,87.1,0.0,0.0,0.0,18.9,28.06
2023-07-19,111.0,86.0,106.8,83.9,0.0,0.0,0.0,18.7,27.89
2023-07-20,112.5,85.1,110.1,82.6,0.0,0.0,0.0,8.9,28.08
2023-07-21,113.2,86.6,113.4,82.2,0.0,0.0,0.0,8.5,27.59
2023-07-22,115.5,87.2,112.6,82.1,0.0,0.0,0.0,14.5,27.04
2023-07-23,111.2,91.4,108.2,87.0,0.0,0.0,0.0,16.0,22.42
2023-07-24,109.5,85.6,104.4,85.7,0.0,0.0,0.0,17.6,27.25
2023-07-25,111.3,86.7,107.6,82.8,0.0,0.0,0.0,16.6,26.02
2023-07-26,111.8,86.4,106.6,84.1,0.0,0.0,0.0,18.6,26.23
2023-07-27,112.1,86.8,101.8,80.4,0.0,0.0,0.0,20.7,28.58
2023-07-28,111.7,83.8,106.4,78.2,0.0,0.0,0.0,18.8,27.43
2023-07-29,111.9,84.8,107.8,81.4,0.0,0.0,0.0,17.3,26.01
2023-07-30,111.9,87.3,110.4,83.0,0.0,0.0,0.0,17.6,24.74
2023-07-31,105.7,84.0,106.1,78.8,0.0,0.0,0.0,18.8,23.38
2023-08-01,94.3,77.7,97.3,78.1,0.075,0.075,0.0,12.7,17.31
2023-08-02,99.9,78.5,98.9,79.0,0.0,0.0,0.0,9.6,25.06
2023-08-03,103.7,78.9,99.6,80.0,0.0,0.0,0.0,18.1,27.55
2023-08-04,105.3,76.0,100.5,70.4,0.0,0.0,0.0,10.9,28.38
2023-08-05,108.3,78.8,102.6,72.5,0.0,0.0,0.0,14.1,28.65
2023-08-06,108.5,77.4,102.4,70.6,0.0,0.0,0.0,17.3,28.74
2023-08-07,106.6,75.9,96.4,69.1,0.0,0.0,0.0,18.8,28.88
2023-08-08,104.4,75.7,97.0,69.6,0.0,0.0,0.0,21.0,28.23
2023-08-09,102.7,80.0,97.9,74.7,0.0,0.0,0.0,15.8,25.47
2023-08-10,94.9,78.3,96.8,77.4,0.035,0.035,0.0,15.2,19.53
2023-08-11,99.8,78.9,100.3,80.2,0.004,0.004,0.0,24.3,21.41
2023-08-12,102.0,83.2,99.7,82.7,0.0,0.0,0.0,13.3,24.95
2023-08-13,99.4,80.0,100.1,78.2,0.0,0.0,0.0,13.2,24.48
2023-08-14,102.8,78.0,101.4,75.8,0.0,0.0,0.0,7.9,26.27
2023-08-15,103.8,82.9,101.2,78.5,0.0,0.0,0.0,18.0,22.62
2023-08-16,101.4,85.1,100.0,87.0,0.0,0.0,0.0,11.8,18.91
2023-08-17,106.4,83.5,105.6,83.1,0.0,0.0,0.0,11.4,23.59
2023-08-18,101.0,78.3,98.3,75.7,0.11,0.11,0.0,14.0,18.96
2023-08-19,85.2,69.7,85.2,72.1,0.602,0.602,0.0,12.7,11.03
2023-08-20,76.7,68.8,82.3,72.1,0.921,0.921,0.0,13.6,7.01
2023-08-21,86.2,70.3,86.7,70.2,1.071,1.071,0.0,15.9,22.53
2023-08-22,89.3,70.7,91.9,73.7,0.0,0.0,0.0,5.8,24.56
2023-08-23,92.8,70.6,99.3,72.6,0.035,0.035,0.0,9.3,24.01
2023-08-24,92.1,75.0,97.2,78.6,0.0,0.0,0.0,9.2,21.86
2023-08-25,99.9,77.7,100.8,80.9,0.0,0.0,0.0,13.2,21.84
2023-08-26,105.9,74.8,102.0,74.5,0.0,0.0,0.0,19.9,25.39
2023-08-27,105.5,75.2,101.9,71.2,0.0,0.0,0.0,18.1,25.15
2023-08-28,106.6,75.7,106.4,70.1,0.0,0.0,0.0,8.2,25.32
2023-08-29,110.3,79.6,105.6,74.3,0.0,0.0,0.0,16.4,25.3
2023-08-30,110.0,78.0,107.2,73.4,0.0,0.0,0.0,19.2,24.89
2023-08-31,107.8,79.2,101.4,75.0,0.004,0.004,0.0,23.4,22.43
2023-09-01,92.1,71.8,86.3,71.9,1.488,1.488,0.0,18.6,10.39
2023-09-02,81.9,70.3,86.9,73.4,0.22,0.22,0.0,7.9,14.98
2023-09-03,88.5,67.8,90.2,66.1,0.008,0.008,0.0,15.9,19.46
2023-09-04,86.0,61.4,86.6,59.6,0.0,0.0,0.0,16.5,24.0
2023-09-05,89.7,66.4,89.2,66.1,0.0,0.0,0.0,9.0,24.08
2023-09-06,95.0,71.4,92.2,69.9,0.0,0.0,0.0,9.0,23.75
2023-09-07,98.9,71.4,95.0,69.7,0.0,0.0,0.0,9.4,23.75
2023-09-08,102.9,70.3,100.0,66.2,0.0,0.0,0.0,9.7,22.91
2023-09-09,103.1,76.7,101.9,73.8,0.0,0.0,0.0,9.1,22.09
2023-09-10,89.7,78.3,89.2,78.8,0.0,0.0,0.0,9.7,8.47
2023-09-11,94.7,70.0,93.5,70.7,0.0,0.0,0.0,6.9,21.19
2023-09-12,96.4,77.0,94.4,75.8,0.0,0.0,0.0,20.4,20.97
2023-09-13,90.8,72.9,90.5,74.1,0.012,0.012,0.0,16.1,19.56
2023-09-14,90.9,70.1,89.4,69.0,0.0,0.0,0.0,15.2,20.08
2023-09-15,94.6,70.2,89.0,69.2,0.0,0.0,0.0,12.7,22.18
2023-09-16,96.2,71.3,92.7,66.8,0.0,0.0,0.0,10.2,22.12
2023-09-17,98.2,75.6,95.5,72.4,0.0,0.0,0.0,7.5,21.92
2023-09-18,96.3,74.5,91.8,70.5,0.0,0.0,0.0,14.1,22.19
2023-09-19,94.0,70.0,91.8,65.5,0.0,0.0,0.0,9.2,21.84
2023-09-20,90.8,69.7,87.3,66.5,0.0,0.0,0.0,21.5,17.75
2023-09-21,87.3,64.7,76.4,60.4,0.0,0.0,0.0,21.8,21.81
2023-09-22,88.8,61.6,82.0,56.6,0.0,0.0,0.0,16.9,21.15
2023-09-23,83.6,66.8,81.3,60.8,0.0,0.0,0.0,11.8,19.08
2023-09-24,89.2,65.8,85.5,63.2,0.0,0.0,0.0,6.1,21.07
2023-09-25,92.6,70.1,88.3,65.8,0.0,0.0,0.0,11.4,20.91
2023-09-26,94.0,68.2,89.4,62.9,0.0,0.0,0.0,8.6,21.0
2023-09-27,95.2,69.6,88.8,63.6,0.0,0.0,0.0,8.9,20.98
2023-09-28,96.0,70.2,89.6,65.1,0.0,0.0,0.0,12.2,20.52
2023-09-29,96.3,69.8,89.8,65.2,0.0,0.0,0.0,19.6,20.29
2023-09-30,76.8,64.8,68.8,55.8,0.0,0.0,0.0,19.3,10.07
2023-10-01,74.9,56.7,70.6,53.1,0.035,0.035,0.0,17.2,18.82
2023-10-02,74.9,55.4,71.2,52.8,0.0,0.0,0.0,12.5,19.07
2023-10-03,78.8,55.7,75.0,52.6,0.0,0.0,0.0,12.8,19.16
2023-10-04,85.2,57.8,80.6,54.4,0.0,0.0,0.0,10.7,19.23
2023-10-05,89.2,60.7,83.7,57.1,0.0,0.0,0.0,6.2,19.1
2023-10-06,92.2,61.7,85.2,57.3,0.0,0.0,0.0,9.1,18.95
2023-10-07,92.3,67.2,88.1,62.1,0.0,0.0,0.0,5.4,18.76
2023-10-08,94.1,68.3,88.6,63.2,0.0,0.0,0.0,6.1,18.56
2023-10-09,94.7,67.2,87.1,61.9,0.0,0.0,0.0,10.5,18.25
2023-10-10,89.5,66.9,81.2,61.9,0.0,0.0,0.0,20.2,18.28
2023-10-11,82.9,62.1,71.5,56.4,0.0,0.0,0.0,24.9,18.3
2023-10-12,74.8,58.5,70.5,48.7,0.0,0.0,0.0,17.2,18.39
2023-10-13,76.9,52.8,70.2,45.8,0.0,0.0,0.0,5.2,16.42
2023-10-14,81.6,58.0,75.4,51.9,0.0,0.0,0.0,3.9,17.73
2023-10-15,87.2,59.6,81.4,53.3,0.0,0.0,0.0,4.3,17.55
2023-10-16,89.2,65.6,82.8,59.1,0.0,0.0,0.0,5.1,17.43
2023-10-17,90.1,65.8,84.6,59.6,0.0,0.0,0.0,4.5,17.33
2023-10-18,93.1,62.7,87.5,56.2,0.0,0.0,0.0,5.2,17.06
2023-10-19,92.3,64.8,87.2,58.4,0.0,0.0,0.0,6.4,16.88
2023-10-20,92.3,67.7,86.1,62.5,0.0,0.0,0.0,6.7,16.6
2023-10-21,91.7,64.6,86.2,58.6,0.0,0.0,0.0,7.2,16.35
2023-10-22,89.1,64.9,81.3,60.6,0.0,0.0,0.0,20.0,16.43
2023-10-23,77.4,56.2,72.8,52.9,0.0,0.0,0.0,14.8,16.08
2023-10-24,80.7,57.1,75.4,51.2,0.0,0.0,0.0,7.9,16.01
2023-10-25,83.4,58.5,74.5,54.3,0.0,0.0,0.0,18.6,15.69
2023-10-26,76.3,56.9,71.4,53.1,0.0,0.0,0.0,14.6,15.35
2023-10-27,75.3,56.8,69.9,52.8,0.0,0.0,0.0,8.1,14.19
2023-10-28,74.4,51.7,68.5,45.3,0.0,0.0,0.0,16.3,15.31
2023-10-29,64.3,46.0,53.0,30.8,0.0,0.0,0.0,24.0,15.97
2023-10-30,67.6,40.8,59.2,32.4,0.0,0.0,0.0,7.6,15.7
2023-10-31,70.8,44.6,63.0,35.9,0.0,0.0,0.0,4.9,15.52
2023-11-01,72.2,52.3,65.1,44.6,0.0,0.0,0.0,4.9,15.37
2023-11-02,74.1,51.2,66.8,43.5,0.0,0.0,0.0,3.6,15.03
2023-11-03,75.7,51.8,67.8,44.0,0.0,0.0,0.0,4.1,14.95
2023-11-04,76.1,53.8,69.2,46.4,0.0,0.0,0.0,5.5,14.47
2023-11-05,70.7,49.5,66.1,42.1,0.0,0.0,0.0,7.1,12.18
2023-11-06,83.6,52.9,71.5,47.2,0.0,0.0,0.0,20.4,14.14
2023-11-07,73.7,59.4,63.8,52.2,0.0,0.0,0.0,18.9,13.77
2023-11-08,67.8,53.2,57.4,42.2,0.0,0.0,0.0,17.9,14.14
2023-11-09,67.5,48.0,58.9,39.1,0.0,0.0,0.0,12.4,14.12
2023-11-10,64.9,44.9,58.3,37.3,0.0,0.0,0.0,5.9,13.46
2023-11-11,68.6,49.0,61.7,41.7,0.0,0.0,0.0,5.4,13.85
2023-11-12,69.3,50.0,62.9,43.6,0.0,0.0,0.0,4.0,13.85
2023-11-13,69.9,47.3,64.2,39.9,0.0,0.0,0.0,4.5,12.07
2023-11-14,71.6,52.4,66.2,46.5,0.0,0.0,0.0,5.1,13.02
2023-11-15,71.3,55.8,67.4,51.0,0.173,0.173,0.0,4.3,10.11
2023-11-16,64.4,49.8,64.1,47.8,0.039,0.039,0.0,4.6,10.23
2023-11-17,66.0,48.9,64.7,45.5,0.0,0.0,0.0,5.9,12.06
2023-11-18,70.2,51.5,65.4,50.0,0.0,0.0,0.0,13.8,11.84
2023-11-19,63.8,49.1,50.3,39.0,0.0,0.0,0.0,36.1,12.66
2023-11-20,63.0,44.8,53.2,29.1,0.0,0.0,0.0,26.3,12.49
2023-11-21,63.9,42.5,58.1,35.8,0.0,0.0,0.0,4.6,12.45
2023-11-22,64.4,47.1,58.9,40.7,0.0,0.0,0.0,4.1,12.26
2023-11-23,60.1,46.4,55.3,40.7,0.0,0.0,0.0,5.4,9.42
2023-11-24,58.6,44.1,47.4,36.4,0.0,0.0,0.0,24.1,11.5
2023-11-25,55.8,40.9,48.4,31.1,0.0,0.0,0.0,12.1,12.03
2023-11-26,55.8,31.9,48.3,24.1,0.0,0.0,0.0,5.9,12.05
2023-11-27,58.8,33.6,50.2,26.4,0.0,0.0,0.0,6.4,12.14
2023-11-28,58.2,40.3,52.1,33.7,0.0,0.0,0.0,5.2,11.44
2023-11-29,59.1,43.2,53.1,36.7,0.0,0.0,0.0,6.1,9.42
2023-11-30,58.1,38.7,53.0,31.8,0.0,0.0,0.0,7.4,9.01
2023-12-01,61.1,39.0,50.2,32.4,0.0,0.0,0.0,19.9,11.15
2023-12-02,60.5,38.9,53.1,32.2,0.0,0.0,0.0,7.6,11.23
2023-12-03,60.0,41.5,53.8,36.2,0.0,0.0,0.0,4.6,10.86
2023-12-04,63.1,39.8,57.5,32.1,0.0,0.0,0.0,7.6,9.96
2023-12-05,68.5,48.7,63.4,43.0,0.0,0.0,0.0,4.7,11.21
2023-12-06,65.5,52.6,59.8,47.2,0.0,0.0,0.0,7.5,10.89
2023-12-07,66.0,47.0,60.7,40.8,0.0,0.0,0.0,21.1,10.26
2023-12-08,59.5,43.3,51.3,34.9,0.0,0.0,0.0,13.2,11.16
2023-12-09,56.1,33.9,45.2,25.1,0.0,0.0,0.0,12.0,11.24
2023-12-10,55.0,38.3,47.6,30.4,0.0,0.0,0.0,4.7,10.95
2023-12-11,59.2,41.2,52.0,33.6,0.0,0.0,0.0,4.5,10.54
2023-12-12,60.4,40.2,54.1,32.3,0.0,0.0,0.0,4.9,11.02
2023-12-13,60.3,43.1,51.2,34.2,0.0,0.0,0.0,16.2,10.76
2023-12-14,59.5,38.3,54.0,30.9,0.0,0.0,0.0,5.2,10.93
2023-12-15,61.7,45.1,55.8,38.8,0.0,0.0,0.0,3.0,10.52
2023-12-16,64.4,47.5,58.3,40.4,0.0,0.0,0.0,3.9,10.48
2023-12-17,63.8,47.5,57.3,39.9,0.0,0.0,0.0,3.7,9.02
2023-12-18,63.1,50.5,56.0,43.8,0.0,0.0,0.0,5.4,9.48
2023-12-19,62.3,43.3,55.8,36.4,0.0,0.0,0.0,4.4,8.69
2023-12-20,65.4,49.2,60.5,43.4,0.0,0.0,0.0,5.2,10.37
2023-12-21,65.8,53.2,62.1,49.8,0.012,0.012,0.0,6.8,7.79
2023-12-22,58.8,49.9,55.9,47.0,0.26,0.26,0.0,7.6,4.04
2023-12-23,60.1,44.4,55.7,41.0,0.0,0.0,0.0,6.2,10.32
2023-12-24,53.7,38.2,47.7,30.5,0.0,0.0,0.0,6.8,10.86
2023-12-25,55.3,35.0,49.2,27.5,0.0,0.0,0.0,6.0,9.99
2023-12-26,57.0,38.9,50.1,31.8,0.0,0.0,0.0,5.6,10.41
2023-12-27,57.5,39.1,51.9,32.3,0.0,0.0,0.0,3.9,8.81
2023-12-28,61.7,44.3,56.1,38.5,0.0,0.0,0.0,3.5,10.58
2023-12-29,62.4,46.2,55.7,41.1,0.0,0.0,0.0,4.9,10.48
2023-12-30,61.2,43.5,54.1,37.0,0.083,0.083,0.0,9.6,10.87
2023-12-31,57.5,40.9,52.4,35.2,0.0,0.0,0.0,6.1,9.91
2024-01-01,61.2,45.3,55.4,38.4,0.0,0.0,0.0,6.1,10.65
2024-01-02,59.4,41.1,53.1,34.4,0.0,0.0,0.0,5.5,10.33
2024-01-03,54.0,39.5,46.5,35.1,0.071,0.071,0.0,13.6,4.8
2024-01-04,57.7,34.1,46.6,28.5,0.031,0.031,0.0,23.1,10.88
2024-01-05,58.0,37.8,49.6,31.3,0.0,0.0,0.0,14.6,10.3
2024-01-06,51.7,34.4,42.9,26.9,0.0,0.0,0.0,13.6,9.22
2024-01-07,48.2,38.5,36.6,23.0,0.008,0.008,0.0,27.8,11.16
2024-01-08,48.4,35.2,35.9,22.7,0.0,0.0,0.0,19.4,11.7
2024-01-09,47.0,28.6,39.5,19.4,0.0,0.0,0.0,6.0,11.01
2024-01-10,46.0,26.8,38.7,18.7,0.0,0.0,0.0,13.0,11.49
2024-01-11,49.8,33.9,39.0,22.9,0.067,0.024,0.303,25.8,11.99
2024-01-12,48.2,30.3,39.3,22.5,0.0,0.0,0.0,7.8,10.0
2024-01-13,48.9,27.5,41.9,19.0,0.0,0.0,0.0,6.9,11.14
2024-01-14,54.9,32.7,48.3,24.9,0.0,0.0,0.0,6.1,11.61
2024-01-15,55.9,32.6,50.5,25.4,0.0,0.0,0.0,6.5,9.25
2024-01-16,57.8,36.4,52.3,29.5,0.0,0.0,0.0,5.0,12.09
2024-01-17,59.5,37.9,53.6,31.1,0.0,0.0,0.0,6.0,10.24
2024-01-18,60.9,36.2,56.1,29.5,0.0,0.0,0.0,5.2,11.85
2024-01-19,62.1,46.5,56.1,41.2,0.0,0.0,0.0,4.0,9.19
2024-01-20,57.4,45.7,53.4,41.0,0.016,0.016,0.0,5.3,5.48
2024-01-21,55.5,47.6,52.2,44.5,0.079,0.079,0.0,6.2,4.95
2024-01-22,52.4,45.8,50.1,43.2,0.453,0.453,0.0,9.5,2.45
2024-01-23,56.9,43.8,53.5,39.3,0.071,0.071,0.0,6.4,5.88
2024-01-24,56.6,41.1,53.3,36.0,0.028,0.028,0.0,5.2,11.06
2024-01-25,62.6,43.8,55.5,38.2,0.0,0.0,0.0,18.4,11.58
2024-01-26,59.1,40.1,52.0,32.0,0.0,0.0,0.0,13.7,13.0
2024-01-27,59.8,40.7,56.4,34.3,0.0,0.0,0.0,4.9,12.8
2024-01-28,67.8,48.1,64.8,42.8,0.0,0.0,0.0,4.0,12.72
2024-01-29,69.6,51.2,66.4,47.1,0.0,0.0,0.0,4.1,13.1
2024-01-30,68.1,52.6,64.7,48.3,0.0,0.0,0.0,4.2,13.44
2024-01-31,65.6,48.6,62.1,45.0,0.0,0.0,0.0,4.3,11.22
2024-02-01,55.7,45.5,52.5,41.4,0.295,0.295,0.0,13.0,2.11
2024-02-02,56.2,40.4,50.3,34.9,0.008,0.008,0.0,8.9,11.31
2024-02-03,54.9,36.1,48.5,31.0,0.0,0.0,0.0,7.4,13.82
2024-02-04,55.9,40.9,49.5,36.5,0.106,0.106,0.0,9.7,5.09
2024-02-05,47.4,43.3,44.0,37.3,0.5,0.5,0.0,7.6,1.39
2024-02-06,48.8,42.3,45.6,37.8,0.331,0.331,0.0,6.0,2.91
2024-02-07,54.4,42.6,47.0,35.4,0.004,0.004,0.0,15.1,12.46
2024-02-08,48.5,37.0,40.1,31.3,0.177,0.177,0.0,13.2,13.62
2024-02-09,50.1,37.0,45.8,31.8,0.0,0.0,0.0,9.9,12.69
2024-02-10,51.4,35.8,41.5,28.2,0.008,0.008,0.0,20.0,14.87
2024-02-11,52.0,34.3,46.6,25.2,0.0,0.0,0.0,11.6,15.61
2024-02-12,53.5,36.8,48.2,30.6,0.0,0.0,0.0,5.2,15.83
2024-02-13,57.7,37.6,53.0,31.2,0.0,0.0,0.0,4.5,15.58
2024-02-14,60.5,43.2,55.3,37.9,0.0,0.0,0.0,8.8,15.32
2024-02-15,61.3,45.0,58.2,40.9,0.0,0.0,0.0,6.2,15.15
2024-02-16,63.4,42.8,59.2,37.3,0.0,0.0,0.0,5.7,15.89
2024-02-17,63.8,49.4,58.0,45.0,0.0,0.0,0.0,6.4,14.99
2024-02-18,65.3,45.4,62.5,40.5,0.0,0.0,0.0,6.5,16.48
2024-02-19,71.4,47.5,63.9,43.2,0.0,0.0,0.0,19.3,14.77
2024-02-20,58.5,49.8,54.5,46.2,0.224,0.224,0.0,8.6,3.79
2024-02-21,58.5,45.1,55.6,41.2,0.122,0.122,0.0,10.6,12.6
2024-02-22,63.4,41.3,58.5,35.7,0.0,0.0,0.0,6.8,16.82
2024-02-23,65.8,41.2,59.4,35.5,0.0,0.0,0.0,6.0,14.58
2024-02-24,64.5,48.7,60.6,43.5,0.0,0.0,0.0,4.0,12.72
2024-02-25,64.3,47.8,60.8,42.7,0.0,0.0,0.0,3.4,14.14
2024-02-26,70.4,46.7,63.6,41.8,0.0,0.0,0.0,20.0,14.35
2024-02-27,68.0,45.2,60.8,41.9,0.0,0.0,0.0,20.7,17.55
2024-02-28,65.0,42.1,59.4,35.2,0.0,0.0,0.0,6.0,18.66
2024-02-29,72.2,45.2,62.9,40.2,0.0,0.0,0.0,21.3,17.75
2024-03-01,68.6,51.5,56.4,39.9,0.0,0.0,0.0,21.9,18.81
2024-03-02,65.8,52.2,47.0,36.4,0.0,0.0,0.0,38.7,12.65
2024-03-03,64.5,49.0,52.1,36.6,0.0,0.0,0.0,26.7,16.68
2024-03-04,64.8,39.1,57.8,33.6,0.0,0.0,0.0,14.0,19.14
2024-03-05,67.6,47.7,61.9,42.3,0.0,0.0,0.0,9.4,19.34
2024-03-06,69.3,47.1,61.1,42.0,0.0,0.0,0.0,17.0,19.65
2024-03-07,63.9,50.1,59.3,45.0,0.0,0.0,0.0,9.3,17.02
2024-03-08,66.4,48.7,59.2,38.4,0.0,0.0,0.0,15.6,20.18
2024-03-09,64.8,38.3,58.9,30.6,0.0,0.0,0.0,7.2,20.77
2024-03-10,69.5,46.4,62.9,39.1,0.0,0.0,0.0,7.3,16.05
2024-03-11,71.7,48.3,63.5,41.2,0.0,0.0,0.0,16.4,18.48
2024-03-12,67.5,48.5,64.0,43.4,0.0,0.0,0.0,6.3,15.86
2024-03-13,67.9,49.5,54.5,40.6,0.0,0.0,0.0,21.9,21.03
2024-03-14,63.2,44.2,48.5,30.2,0.055,0.055,0.0,23.3,15.88
2024-03-15,57.8,46.9,52.1,38.5,0.228,0.228,0.0,13.3,10.15
2024-03-16,56.5,46.1,53.5,41.8,0.213,0.213,0.0,7.4,15.18
2024-03-17,64.3,41.6,61.4,36.6,0.004,0.004,0.0,6.7,18.83
2024-03-18,69.3,46.8,62.4,42.1,0.028,0.028,0.0,16.1,20.49
2024-03-19,69.4,48.5,68.1,44.2,0.0,0.0,0.0,5.1,21.34
2024-03-20,73.9,49.0,71.8,44.7,0.0,0.0,0.0,5.5,21.75
2024-03-21,80.0,53.1,75.6,49.2,0.0,0.0,0.0,14.5,22.14
2024-03-22,79.1,54.4,72.4,49.7,0.0,0.0,0.0,16.8,20.52
2024-03-23,69.9,55.4,57.2,43.6,0.0,0.0,0.0,25.5,19.03
2024-03-24,63.4,43.9,54.7,36.9,0.012,0.012,0.0,16.4,17.04
2024-03-25,66.7,49.4,57.4,37.4,0.0,0.0,0.0,19.0,21.68
2024-03-26,69.7,43.8,59.4,36.2,0.0,0.0,0.0,17.8,21.3
2024-03-27,75.7,45.0,65.7,37.2,0.0,0.0,0.0,13.1,23.32
2024-03-28,75.7,56.3,64.6,47.6,0.0,0.0,0.0,21.7,22.87
2024-03-29,75.2,53.2,62.2,43.1,0.0,0.0,0.0,22.0,22.27
2024-03-30,57.2,44.9,51.6,39.6,0.311,0.311,0.0,13.3,5.84
2024-03-31,60.2,41.7,54.0,37.2,0.02,0.02,0.0,15.2,20.51
2024-04-01,66.3,43.0,61.6,38.8,0.039,0.039,0.0,9.1,21.27
2024-04-02,72.0,47.7,69.3,39.5,0.0,0.0,0.0,11.3,24.36
2024-04-03,78.9,50.2,72.9,45.6,0.0,0.0,0.0,10.1,24.57
2024-04-04,78.5,55.0,66.1,43.7,0.0,0.0,0.0,25.8,24.51
2024-04-05,59.3,44.9,46.6,31.2,0.0,0.0,0.0,23.4,23.97
2024-04-06,62.8,38.5,55.5,29.4,0.0,0.0,0.0,14.0,25.59
2024-04-07,68.0,44.2,62.1,37.2,0.0,0.0,0.0,9.6,23.93
2024-04-08,69.7,48.2,59.3,40.6,0.0,0.0,0.0,17.1,23.26
2024-04-09,74.9,51.5,68.0,39.2,0.0,0.0,0.0,17.9,25.87
2024-04-10,80.9,50.7,77.1,42.9,0.0,0.0,0.0,7.2,25.41
2024-04-11,85.2,58.6,81.4,51.9,0.0,0.0,0.0,6.2,25.62
2024-04-12,88.6,63.8,79.6,57.8,0.0,0.0,0.0,21.0,25.63
2024-04-13,81.1,60.0,68.9,52.3,0.0,0.0,0.0,21.1,26.31
2024-04-14,70.6,52.6,60.2,42.3,0.0,0.0,0.0,25.1,26.09
2024-04-15,76.8,46.6,64.9,40.2,0.0,0.0,0.0,20.2,26.13
2024-04-16,82.2,52.2,77.3,45.5,0.0,0.0,0.0,10.9,26.3
2024-04-17,90.3,59.3,85.8,53.3,0.0,0.0,0.0,15.7,26.35
2024-04-18,88.6,66.2,79.7,61.0,0.0,0.0,0.0,16.2,21.65
2024-04-19,87.3,64.0,85.2,58.4,0.0,0.0,0.0,8.8,26.68
2024-04-20,91.1,64.3,86.9,58.2,0.0,0.0,0.0,9.9,26.35
2024-04-21,93.4,65.3,90.4,58.6,0.0,0.0,0.0,9.9,26.87
2024-04-22,94.9,68.0,91.0,62.4,0.0,0.0,0.0,18.7,27.12
2024-04-23,91.2,65.7,84.4,59.5,0.0,0.0,0.0,20.3,27.08
2024-04-24,85.9,62.2,75.0,57.0,0.0,0.0,0.0,20.1,27.6
2024-04-25,79.5,58.2,74.0,53.7,0.0,0.0,0.0,20.3,24.0
2024-04-26,70.3,56.5,62.5,51.6,0.024,0.024,0.0,19.0,15.36
2024-04-27,78.4,53.2,67.6,47.9,0.0,0.0,0.0,23.0,27.08
2024-04-28,81.1,55.1,75.6,49.3,0.0,0.0,0.0,7.3,27.33
2024-04-29,86.5,60.3,78.3,55.9,0.0,0.0,0.0,15.7,27.79
2024-04-30,90.1,60.6,85.8,55.2,0.0,0.0,0.0,15.8,27.92
2024-05-01,86.5,61.8,78.6,55.6,0.0,0.0,0.0,17.9,28.51
2024-05-02,88.2,61.8,80.4,53.0,0.0,0.0,0.0,12.8,28.8
2024-05-03,89.6,60.2,83.8,53.0,0.0,0.0,0.0,10.3,28.46
2024-05-04,88.6,62.9,76.7,55.8,0.0,0.0,0.0,26.0,25.06
2024-05-05,68.2,55.0,57.2,41.2,0.0,0.0,0.0,34.8,23.75
2024-05-06,78.4,51.3,71.1,41.1,0.0,0.0,0.0,16.3,28.89
2024-05-07,85.4,54.9,80.1,48.1,0.0,0.0,0.0,25.0,28.89
2024-05-08,74.8,54.5,67.6,45.9,0.0,0.0,0.0,11.1,29.57
2024-05-09,79.1,59.6,74.0,48.5,0.0,0.0,0.0,17.5,27.32
2024-05-10,80.5,56.3,75.4,50.2,0.0,0.0,0.0,16.1,26.68
2024-05-11,83.5,58.2,80.4,53.1,0.004,0.004,0.0,11.2,26.72
2024-05-12,91.3,61.3,86.9,55.0,0.0,0.0,0.0,7.7,28.76
2024-05-13,96.3,65.3,90.3,58.9,0.0,0.0,0.0,15.4,27.84
2024-05-14,96.1,67.6,92.8,61.8,0.0,0.0,0.0,10.7,26.29
2024-05-15,95.3,67.3,92.0,61.1,0.0,0.0,0.0,18.3,27.22
2024-05-16,94.3,74.2,90.9,66.8,0.0,0.0,0.0,17.9,29.47
2024-05-17,99.4,71.0,94.2,64.5,0.0,0.0,0.0,10.9,28.77
2024-05-18,95.8,73.8,88.3,69.9,0.0,0.0,0.0,20.6,26.04
2024-05-19,95.2,68.1,90.4,63.3,0.0,0.0,0.0,21.0,29.07
2024-05-20,89.0,67.0,83.5,59.7,0.0,0.0,0.0,24.3,28.16
2024-05-21,85.0,63.3,81.8,56.5,0.0,0.0,0.0,9.3,29.67
2024-05-22,92.2,63.0,84.7,55.4,0.0,0.0,0.0,17.4,30.01
2024-05-23,90.4,65.1,87.6,60.4,0.0,0.0,0.0,16.8,29.16
2024-05-24,89.9,67.3,80.6,60.7,0.0,0.0,0.0,23.1,29.37
2024-05-25,89.6,62.2,85.3,54.7,0.0,0.0,0.0,21.1,29.03
2024-05-26,92.4,65.6,89.0,61.1,0.0,0.0,0.0,9.7,29.63
2024-05-27,96.6,72.6,93.0,67.6,0.0,0.0,0.0,16.4,29.69
2024-05-28,100.8,74.4,95.6,69.7,0.0,0.0,0.0,20.2,29.72
2024-05-29,97.9,70.9,93.3,65.9,0.0,0.0,0.0,13.0,29.74
2024-05-30,99.2,73.8,95.3,66.4,0.0,0.0,0.0,11.0,29.54
2024-05-31,103.6,76.5,98.2,70.8,0.0,0.0,0.0,16.3,29.43
2024-06-01,100.1,77.0,90.1,72.4,0.0,0.0,0.0,21.2,29.93
2024-06-02,99.1,72.3,94.0,67.2,0.0,0.0,0.0,14.9,29.31
2024-06-03,103.7,75.7,98.3,70.5,0.0,0.0,0.0,20.3,27.98
2024-06-04,102.3,76.5,100.8,72.1,0.0,0.0,0.0,11.2,28.92
2024-06-05,106.1,81.0,104.6,76.4,0.0,0.0,0.0,9.6,29.19
2024-06-06,110.2,82.0,107.8,77.6,0.0,0.0,0.0,11.3,28.28
2024-06-07,109.3,85.4,102.6,81.8,0.0,0.0,0.0,14.1,29.51
2024-06-08,106.9,83.3,103.1,80.9,0.0,0.0,0.0,16.3,28.97
2024-06-09,103.7,77.9,97.3,74.3,0.0,0.0,0.0,18.3,28.4
2024-06-10,102.3,77.2,100.4,71.1,0.0,0.0,0.0,11.8,29.94
2024-06-11,106.5,80.4,104.1,74.9,0.0,0.0,0.0,9.1,29.85
2024-06-12,108.7,80.6,104.9,75.9,0.0,0.0,0.0,17.0,29.88
2024-06-13,104.4,77.4,98.2,71.9,0.0,0.0,0.0,19.6,29.19
2024-06-14,106.1,73.8,102.1,67.3,0.0,0.0,0.0,12.9,29.65
2024-06-15,106.8,80.7,102.4,75.2,0.0,0.0,0.0,18.9,29.87
2024-06-16,102.9,76.0,97.1,70.0,0.0,0.0,0.0,17.3,29.92
2024-06-17,101.4,74.9,95.5,68.7,0.0,0.0,0.0,18.2,29.12
2024-06-18,90.9,70.4,85.7,59.1,0.0,0.0,0.0,17.1,29.42
2024-06-19,98.3,72.1,94.3,65.0,0.0,0.0,0.0,7.8,30.17
2024-06-20,104.5,76.6,101.2,70.9,0.0,0.0,0.0,10.3,29.47
2024-06-21,107.2,80.1,102.3,75.7,0.0,0.0,0.0,14.7,29.34
2024-06-22,111.0,83.0,106.1,78.5,0.0,0.0,0.0,18.8,29.09
2024-06-23,110.5,84.7,106.6,82.6,0.0,0.0,0.0,15.6,27.73
2024-06-24,109.6,84.0,105.2,81.4,0.0,0.0,0.0,17.1,27.41
2024-06-25,109.5,86.2,108.1,83.9,0.0,0.0,0.0,18.1,25.02
2024-06-26,108.4,87.1,107.1,87.1,0.0,0.0,0.0,17.1,26.64
2024-06-27,108.1,87.8,99.5,82.2,0.0,0.0,0.0,22.2,28.97
2024-06-28,106.2,78.4,96.5,73.7,0.0,0.0,0.0,18.7,30.27
2024-06-29,107.3,81.3,99.7,77.9,0.0,0.0,0.0,15.4,29.87
2024-06-30,106.7,79.6,96.3,73.1,0.0,0.0,0.0,19.2,30.13
2024-07-01,106.0,79.0,97.4,72.7,0.0,0.0,0.0,18.7,29.83
2024-07-02,106.6,78.3,102.8,73.0,0.0,0.0,0.0,9.8,29.43
2024-07-03,111.7,82.6,108.7,76.6,0.0,0.0,0.0,13.9,29.74
2024-07-04,112.5,83.5,109.5,77.1,0.0,0.0,0.0,9.6,29.76
2024-07-05,112.3,84.9,106.9,77.8,0.0,0.0,0.0,12.3,30.09
2024-07-06,112.9,82.8,110.2,75.2,0.0,0.0,0.0,11.7,29.97
2024-07-07,117.3,84.1,109.1,76.3,0.0,0.0,0.0,22.6,30.25
2024-07-08,113.4,84.1,109.1,75.7,0.0,0.0,0.0,9.7,29.87
2024-07-09,117.1,86.0,111.6,78.3,0.0,0.0,0.0,14.9,29.46
2024-07-10,116.5,83.6,112.6,75.9,0.0,0.0,0.0,19.6,29.6
2024-07-11,115.9,85.5,111.7,78.4,0.0,0.0,0.0,12.5,26.88
2024-07-12,114.2,85.2,112.4,79.0,0.0,0.0,0.0,23.6,27.68
2024-07-13,105.9,89.0,103.0,86.0,0.0,0.0,0.0,20.1,24.17
2024-07-14,107.0,82.1,105.7,81.5,0.0,0.0,0.0,18.9,26.36
2024-07-15,107.3,82.5,104.8,79.6,0.0,0.0,0.0,14.2,27.1
2024-07-16,108.1,81.5,104.8,78.4,0.0,0.0,0.0,11.2,26.7
2024-07-17,110.8,83.4,110.8,80.0,0.0,0.0,0.0,14.6,26.51
2024-07-18,109.5,86.2,108.0,83.2,0.008,0.008,0.0,16.5,24.6
2024-07-19,107.0,85.5,107.0,84.1,0.0,0.0,0.0,10.0,26.56
2024-07-20,110.8,86.0,110.4,85.5,0.0,0.0,0.0,10.5,27.47
2024-07-21,111.2,88.0,111.7,85.8,0.0,0.0,0.0,11.8,26.9
2024-07-22,107.2,88.3,109.6,91.1,0.0,0.0,0.0,16.4,23.87
2024-07-23,109.8,87.3,110.6,86.9,0.0,0.0,0.0,12.4,24.67
2024-07-24,110.5,86.7,111.7,88.4,0.0,0.0,0.0,15.9,24.61
2024-07-25,112.6,86.2,112.0,84.1,0.0,0.0,0.0,16.0,26.24
2024-07-26,109.8,85.5,101.1,82.5,0.0,0.0,0.0,19.6,27.81
2024-07-27,105.5,86.4,95.0,79.6,0.0,0.0,0.0,22.8,29.28
2024-07-28,104.1,79.1,93.5,73.4,0.0,0.0,0.0,19.4,29.2
2024-07-29,104.3,77.7,94.1,72.0,0.0,0.0,0.0,17.1,29.17
2024-07-30,105.2,77.5,97.3,71.2,0.0,0.0,0.0,16.8,28.87
2024-07-31,106.6,77.2,102.7,70.3,0.0,0.0,0.0,7.3,28.65
2024-08-01,108.4,84.4,108.3,81.4,0.0,0.0,0.0,11.3,25.19
2024-08-02,104.7,85.4,104.0,84.1,0.0,0.0,0.0,8.4,17.08
2024-08-03,107.8,85.1,109.9,85.0,0.0,0.0,0.0,11.5,24.52
2024-08-04,111.0,82.7,110.3,80.1,0.0,0.0,0.0,16.1,26.79
2024-08-05,110.8,84.6,110.5,80.1,0.0,0.0,0.0,12.6,26.05
2024-08-06,113.4,84.4,111.9,80.1,0.0,0.0,0.0,15.5,26.62
2024-08-07,109.8,86.2,108.6,86.0,0.0,0.0,0.0,15.5,25.29
2024-08-08,103.9,85.9,107.8,84.8,0.0,0.0,0.0,15.9,23.6
2024-08-09,105.5,83.8,108.0,84.2,0.0,0.0,0.0,9.5,25.18
2024-08-10,108.8,87.7,111.5,87.7,0.0,0.0,0.0,14.2,24.7
2024-08-11,103.1,86.3,103.9,87.1,0.0,0.0,0.0,15.7,20.73
2024-08-12,103.4,84.6,100.3,85.9,0.0,0.0,0.0,18.9,24.11
2024-08-13,103.3,83.8,94.3,76.1,0.0,0.0,0.0,20.1,26.98
2024-08-14,103.4,78.5,94.5,75.1,0.0,0.0,0.0,16.0,27.5
2024-08-15,104.8,73.2,96.1,67.6,0.0,0.0,0.0,16.5,27.33
2024-08-16,107.4,78.1,100.9,72.9,0.0,0.0,0.0,16.2,26.67
2024-08-17,104.5,82.7,99.0,83.1,0.0,0.0,0.0,20.4,22.39
2024-08-18,103.9,82.8,98.5,79.5,0.0,0.0,0.0,15.0,25.24
2024-08-19,106.8,83.4,105.2,82.2,0.0,0.0,0.0,15.4,24.87
2024-08-20,109.0,80.0,102.6,74.3,0.0,0.0,0.0,18.4,26.15
2024-08-21,106.2,79.1,96.6,72.3,0.0,0.0,0.0,17.8,26.17
2024-08-22,104.7,80.2,98.7,73.6,0.0,0.0,0.0,19.4,25.48
2024-08-23,97.8,76.6,86.7,68.0,0.0,0.0,0.0,20.1,26.56
2024-08-24,95.0,71.9,82.7,62.9,0.0,0.0,0.0,21.7,26.49
2024-08-25,92.4,71.2,85.3,63.3,0.0,0.0,0.0,17.2,25.78
2024-08-26,95.8,69.6,92.4,62.0,0.0,0.0,0.0,8.9,25.87
2024-08-27,101.0,74.7,95.7,68.6,0.0,0.0,0.0,12.6,25.8
2024-08-28,104.4,77.4,99.5,71.1,0.0,0.0,0.0,14.9,25.19
2024-08-29,104.5,77.0,99.7,71.9,0.0,0.0,0.0,13.6,24.59
2024-08-30,104.2,82.2,102.3,77.4,0.0,0.0,0.0,19.2,23.57
2024-08-31,103.7,79.9,102.6,77.5,0.0,0.0,0.0,7.0,23.23
2024-09-01,102.5,81.8,99.7,78.8,0.0,0.0,0.0,6.8,23.74
2024-09-02,105.3,84.0,104.7,81.9,0.0,0.0,0.0,11.6,20.44
2024-09-03,106.2,79.4,102.9,76.3,0.0,0.0,0.0,17.2,22.71
2024-09-04,105.9,79.6,103.3,75.7,0.0,0.0,0.0,12.8,23.8
2024-09-05,107.2,80.2,100.4,74.4,0.0,0.0,0.0,10.8,24.01
2024-09-06,104.4,77.7,98.7,70.6,0.0,0.0,0.0,9.4,24.21
2024-09-07,106.4,78.2,102.1,71.9,0.0,0.0,0.0,10.6,23.66
2024-09-08,104.6,78.8,102.4,77.5,0.0,0.0,0.0,21.3,22.28
2024-09-09,103.6,76.6,101.0,74.2,0.0,0.0,0.0,8.8,22.14
2024-09-10,103.5,75.9,97.9,71.1,0.0,0.0,0.0,22.7,22.95
2024-09-11,99.1,77.3,86.1,71.0,0.0,0.0,0.0,20.6,24.05
2024-09-12,93.8,68.9,89.7,62.5,0.0,0.0,0.0,16.2,23.41
2024-09-13,95.4,73.0,90.4,66.5,0.0,0.0,0.0,12.6,23.07
2024-09-14,98.0,76.8,94.7,73.0,0.0,0.0,0.0,14.3,22.29
2024-09-15,97.8,75.1,90.6,73.5,0.0,0.0,0.0,20.9,22.04
2024-09-16,82.9,69.5,72.8,58.5,0.0,0.0,0.0,22.2,22.13
2024-09-17,82.9,58.9,78.6,50.3,0.0,0.0,0.0,16.5,22.27
2024-09-18,86.4,64.3,80.8,58.2,0.0,0.0,0.0,9.8,22.13
2024-09-19,88.1,68.4,83.2,62.9,0.0,0.0,0.0,11.3,21.8
2024-09-20,83.9,67.6,81.7,63.9,0.0,0.0,0.0,13.8,16.3
2024-09-21,90.7,65.1,86.2,63.2,0.0,0.0,0.0,8.6,20.55
2024-09-22,93.6,66.1,90.5,63.3,0.0,0.0,0.0,5.1,20.76
2024-09-23,97.4,71.4,94.3,66.9,0.0,0.0,0.0,5.9,20.96
2024-09-24,98.8,71.4,93.0,65.7,0.0,0.0,0.0,6.1,21.1
2024-09-25,99.2,74.1,94.1,67.7,0.0,0.0,0.0,8.8,20.94
2024-09-26,100.5,72.2,97.0,65.9,0.0,0.0,0.0,7.5,20.73
2024-09-27,102.9,72.2,98.5,65.3,0.0,0.0,0.0,6.4,20.59
2024-09-28,105.2,81.1,100.1,74.5,0.0,0.0,0.0,16.0,19.44
2024-09-29,105.7,80.2,99.1,75.2,0.0,0.0,0.0,20.8,18.67
2024-09-30,103.3,71.3,98.5,64.4,0.0,0.0,0.0,7.1,19.8
2024-10-01,102.9,75.1,98.0,68.7,0.0,0.0,0.0,7.8,19.59
2024-10-02,102.4,74.5,97.8,68.2,0.0,0.0,0.0,11.8,19.58
2024-10-03,101.5,74.0,95.8,67.8,0.0,0.0,0.0,7.1,19.54
2024-10-04,104.4,77.9,97.1,71.7,0.0,0.0,0.0,24.2,17.97
2024-10-05,101.7,74.1,95.7,67.8,0.0,0.0,0.0,10.4,18.78
2024-10-06,100.9,73.9,94.8,68.4,0.0,0.0,0.0,8.4,18.7
2024-10-07,100.1,74.8,94.7,68.0,0.0,0.0,0.0,13.1,18.17
2024-10-08,98.6,71.5,92.9,65.3,0.0,0.0,0.0,7.9,17.93
2024-10-09,95.9,75.5,91.7,69.8,0.0,0.0,0.0,11.2,18.35
2024-10-10,96.9,71.5,91.3,65.1,0.0,0.0,0.0,10.6,18.04
2024-10-11,96.8,74.6,88.5,68.8,0.0,0.0,0.0,18.0,17.4
2024-10-12,93.5,70.9,87.5,64.9,0.0,0.0,0.0,12.2,17.99
2024-10-13,91.7,68.9,84.1,62.3,0.0,0.0,0.0,13.5,17.89
2024-10-14,89.8,66.6,83.8,59.9,0.0,0.0,0.0,4.7,17.66
2024-10-15,90.9,67.5,85.1,60.4,0.0,0.0,0.0,6.4,17.24
2024-10-16,92.0,71.1,85.9,66.0,0.0,0.0,0.0,16.1,16.6
2024-10-17,85.7,64.4,79.8,59.6,0.0,0.0,0.0,20.8,16.94
2024-10-18,71.0,55.5,59.7,38.2,0.008,0.008,0.0,32.3,13.4
2024-10-19,76.6,57.9,70.8,45.1,0.0,0.0,0.0,19.3,14.1
2024-10-20,76.2,56.8,71.7,51.8,0.0,0.0,0.0,9.6,15.99
2024-10-21,79.5,59.3,74.4,55.6,0.0,0.0,0.0,5.5,15.84
2024-10-22,83.4,61.0,78.3,55.9,0.0,0.0,0.0,4.5,16.11
2024-10-23,85.5,62.2,80.4,57.5,0.0,0.0,0.0,4.2,16.09
2024-10-24,84.4,61.0,78.3,55.2,0.0,0.0,0.0,7.1,14.61
2024-10-25,83.1,62.9,77.1,57.9,0.0,0.0,0.0,4.6,15.96
2024-10-26,84.7,63.5,78.1,58.1,0.0,0.0,0.0,4.6,14.93
2024-10-27,81.8,61.8,75.3,56.1,0.0,0.0,0.0,9.6,11.17
2024-10-28,80.7,61.3,67.6,46.9,0.031,0.031,0.0,26.6,15.57
2024-10-29,67.1,52.6,54.0,42.4,0.0,0.0,0.0,23.7,14.49
2024-10-30,63.0,47.8,55.8,38.3,0.0,0.0,0.0,11.2,15.16
2024-10-31,70.8,45.9,62.0,38.9,0.0,0.0,0.0,9.4,14.86
2024-11-01,70.0,50.1,62.9,43.8,0.0,0.0,0.0,5.2,14.65
2024-11-02,67.9,54.5,61.4,48.6,0.0,0.0,0.0,10.1,8.82
2024-11-03,67.1,47.9,56.6,41.3,0.02,0.02,0.0,21.3,12.06
2024-11-04,65.5,49.7,55.6,38.4,0.0,0.0,0.0,22.4,14.47
2024-11-05,70.6,42.9,63.0,34.9,0.0,0.0,0.0,19.4,13.63
2024-11-06,61.2,43.1,50.9,33.9,0.0,0.0,0.0,15.6,14.44
2024-11-07,62.5,40.3,53.9,31.6,0.0,0.0,0.0,12.4,14.3
2024-11-08,64.9,39.7,58.5,31.5,0.0,0.0,0.0,5.2,13.89
2024-11-09,65.8,44.0,58.7,36.6,0.0,0.0,0.0,4.4,13.76
2024-11-10,69.7,47.5,63.1,40.9,0.0,0.0,0.0,5.5,13.29
2024-11-11,75.4,52.5,66.4,46.2,0.0,0.0,0.0,15.7,13.39
2024-11-12,66.2,48.5,56.4,39.3,0.0,0.0,0.0,20.5,13.6
2024-11-13,64.5,39.1,57.4,33.0,0.0,0.0,0.0,3.8,13.41
2024-11-14,65.1,40.2,58.4,33.6,0.0,0.0,0.0,3.8,13.18
2024-11-15,63.5,46.0,56.4,39.2,0.0,0.0,0.0,10.9,12.49
2024-11-16,59.1,40.3,53.0,34.6,0.0,0.0,0.0,10.3,11.82
2024-11-17,60.5,43.3,53.6,35.4,0.0,0.0,0.0,7.9,12.89
2024-11-18,61.6,39.0,55.3,32.9,0.0,0.0,0.0,8.9,12.77
2024-11-19,57.8,38.8,50.3,31.8,0.0,0.0,0.0,7.5,12.66
2024-11-20,59.5,37.6,52.4,30.7,0.0,0.0,0.0,3.7,12.36
2024-11-21,61.7,35.2,54.7,28.0,0.0,0.0,0.0,3.6,12.71
2024-11-22,63.4,37.9,56.1,31.0,0.0,0.0,0.0,4.1,12.42
2024-11-23,74.2,38.3,65.6,31.9,0.0,0.0,0.0,12.5,11.26
2024-11-24,65.6,49.4,61.0,44.8,0.0,0.0,0.0,8.3,10.95
2024-11-25,59.2,40.2,53.6,36.1,0.0,0.0,0.0,3.6,6.91
2024-11-26,68.4,49.5,64.6,44.1,0.0,0.0,0.0,7.3,4.57
2024-11-27,61.4,46.0,56.2,39.4,0.0,0.0,0.0,5.1,9.42
2024-11-28,60.5,41.4,54.0,34.1,0.0,0.0,0.0,6.6,11.81
2024-11-29,58.7,35.2,52.3,28.8,0.0,0.0,0.0,2.7,11.16
2024-11-30,61.0,37.0,54.3,30.8,0.0,0.0,0.0,1.7,11.2
2024-12-01,64.5,40.7,57.7,34.7,0.0,0.0,0.0,1.8,11.28
2024-12-02,65.8,42.2,59.4,36.0,0.0,0.0,0.0,2.0,11.23
2024-12-03,66.7,42.3,60.0,36.1,0.0,0.0,0.0,2.3,10.11
2024-12-04,68.2,41.5,61.8,35.5,0.0,0.0,0.0,3.9,11.22
2024-12-05,68.0,41.8,61.7,36.2,0.0,0.0,0.0,2.5,11.14
2024-12-06,67.9,40.9,61.3,35.0,0.0,0.0,0.0,4.0,11.25
2024-12-07,65.0,37.7,58.5,31.2,0.0,0.0,0.0,2.6,11.3
2024-12-08,61.9,37.6,55.5,31.0,0.0,0.0,0.0,2.2,10.03
2024-12-09,59.9,35.6,49.8,28.8,0.0,0.0,0.0,9.1,11.42
2024-12-10,54.3,33.0,47.0,26.3,0.0,0.0,0.0,3.0,11.29
2024-12-11,52.3,32.4,45.1,25.3,0.0,0.0,0.0,2.8,9.45
2024-12-12,46.9,33.7,40.0,26.9,0.0,0.0,0.0,4.7,7.64
2024-12-13,57.2,33.1,51.5,27.4,0.0,0.0,0.0,2.6,10.87
2024-12-14,61.4,36.0,53.4,30.5,0.0,0.0,0.0,12.6,9.23
2024-12-15,61.8,38.3,56.0,32.9,0.0,0.0,0.0,6.6,11.03
2024-12-16,57.9,37.3,51.8,30.9,0.0,0.0,0.0,4.0,9.59
2024-12-17,64.8,36.5,57.5,30.2,0.0,0.0,0.0,3.8,10.65
2024-12-18,67.2,42.2,61.3,36.7,0.0,0.0,0.0,2.5,10.66
2024-12-19,67.4,43.2,61.1,37.5,0.0,0.0,0.0,2.5,10.66
2024-12-20,67.1,42.2,61.2,36.3,0.0,0.0,0.0,1.4,10.72
2024-12-21,64.7,40.9,58.2,35.0,0.0,0.0,0.0,2.8,10.45
2024-12-22,64.8,45.3,58.6,39.3,0.0,0.0,0.0,2.4,9.08
2024-12-23,66.8,44.2,61.0,38.5,0.0,0.0,0.0,2.5,10.27
2024-12-24,60.7,44.2,55.5,38.8,0.0,0.0,0.0,9.7,7.81
2024-12-25,61.1,46.8,54.3,39.5,0.0,0.0,0.0,16.4,10.73
2024-12-26,59.2,41.4,53.7,35.1,0.0,0.0,0.0,3.1,9.23
2024-12-27,59.4,39.4,53.4,34.0,0.0,0.0,0.0,4.2,10.52
2024-12-28,61.5,40.1,57.1,34.7,0.0,0.0,0.0,3.1,9.67
2024-12-29,61.2,36.2,53.7,31.4,0.0,0.0,0.0,8.6,10.75
2024-12-30,64.5,40.5,58.9,35.4,0.0,0.0,0.0,3.8,10.89
2024-12-31,59.2,35.5,53.1,29.5,0.0,0.0,0.0,3.3,11.18
2025-01-01,58.8,34.9,52.0,28.7,0.0,0.0,0.0,2.6,10.84
2025-01-02,63.1,36.0,56.2,29.7,0.0,0.0,0.0,2.5,10.64
2025-01-03,59.7,41.5,53.6,35.2,0.0,0.0,0.0,2.7,9.86
2025-01-04,62.7,44.2,53.2,35.6,0.0,0.0,0.0,17.0,11.3
2025-01-05,60.3,38.7,54.1,31.9,0.0,0.0,0.0,3.2,10.99
2025-01-06,61.4,37.2,55.8,31.1,0.0,0.0,0.0,2.6,11.17
2025-01-07,59.5,43.9,47.9,38.6,0.0,0.0,0.0,15.9,10.36
2025-01-08,60.2,41.8,50.7,34.6,0.0,0.0,0.0,11.2,11.3
2025-01-09,61.3,40.3,51.4,33.2,0.0,0.0,0.0,10.1,11.63
2025-01-10,56.7,35.3,50.0,28.6,0.0,0.0,0.0,5.4,11.62
2025-01-11,60.2,30.0,51.0,23.3,0.0,0.0,0.0,10.5,11.91
2025-01-12,53.3,38.5,44.7,29.5,0.0,0.0,0.0,9.1,11.84
2025-01-13,53.1,37.6,45.0,28.7,0.0,0.0,0.0,7.7,11.96
2025-01-14,56.8,33.2,49.3,25.0,0.0,0.0,0.0,5.6,12.0
2025-01-15,59.8,30.4,50.6,23.0,0.0,0.0,0.0,8.2,12.25
2025-01-16,57.4,32.8,50.9,26.0,0.0,0.0,0.0,3.1,12.46
2025-01-17,58.5,30.9,51.0,24.6,0.0,0.0,0.0,4.6,12.37
2025-01-18,57.2,33.1,49.1,25.8,0.0,0.0,0.0,6.2,12.62
2025-01-19,51.6,29.8,44.5,22.8,0.0,0.0,0.0,3.2,12.63
2025-01-20,50.7,31.8,41.0,24.5,0.0,0.0,0.0,11.1,12.87
2025-01-21,48.7,26.3,40.9,18.8,0.0,0.0,0.0,4.2,13.01
2025-01-22,57.1,24.1,48.6,16.8,0.0,0.0,0.0,6.0,13.22
2025-01-23,57.0,31.0,47.4,23.7,0.0,0.0,0.0,8.1,13.22
2025-01-24,53.1,32.3,45.8,24.8,0.0,0.0,0.0,3.0,13.36
2025-01-25,55.5,33.5,48.2,25.8,0.0,0.0,0.0,3.9,9.57
2025-01-26,55.7,35.8,48.0,28.3,0.0,0.0,0.0,6.1,12.27
2025-01-27,57.3,35.4,49.7,30.5,0.0,0.0,0.0,5.9,12.91
2025-01-28,52.8,33.4,46.6,26.9,0.0,0.0,0.0,2.9,8.63
2025-01-29,59.9,32.8,51.8,26.6,0.0,0.0,0.0,4.6,13.71
2025-01-30,59.4,33.3,53.0,27.4,0.0,0.0,0.0,2.4,14.03
2025-01-31,58.2,35.1,52.3,28.7,0.0,0.0,0.0,2.9,13.44
2025-02-01,61.8,38.0,55.7,32.0,0.0,0.0,0.0,4.7,12.8
2025-02-02,69.2,42.2,64.0,36.7,0.0,0.0,0.0,3.6,13.81
2025-02-03,78.1,45.0,71.9,41.4,0.0,0.0,0.0,8.3,11.89
2025-02-04,77.1,48.2,70.5,44.8,0.0,0.0,0.0,14.6,14.25
2025-02-05,73.9,57.1,66.2,51.3,0.0,0.0,0.0,14.2,13.58
2025-02-06,70.1,47.3,61.8,44.2,0.0,0.0,0.0,14.8,14.36
2025-02-07,71.7,58.5,62.6,52.0,0.0,0.0,0.0,16.0,12.17
2025-02-08,64.5,45.8,57.9,40.5,0.0,0.0,0.0,6.8,14.65
2025-02-09,61.4,40.8,55.2,34.2,0.0,0.0,0.0,3.8,14.77
2025-02-10,63.4,37.6,57.7,31.2,0.004,0.004,0.0,3.9,15.89
2025-02-11,62.3,37.3,52.8,31.6,0.0,0.0,0.0,16.3,15.91
2025-02-12,53.6,35.4,46.4,28.6,0.0,0.0,0.0,3.5,16.01
2025-02-13,50.2,39.4,46.9,34.1,0.524,0.524,0.0,9.7,3.09
2025-02-14,59.8,48.1,54.7,41.2,0.0,0.0,0.0,12.5,12.63
2025-02-15,61.1,45.5,55.7,37.0,0.0,0.0,0.0,15.2,16.11
2025-02-16,61.3,39.2,57.2,35.2,0.0,0.0,0.0,3.5,14.79
2025-02-17,65.8,39.5,62.4,35.1,0.0,0.0,0.0,3.1,16.08
2025-02-18,65.8,45.0,60.2,38.2,0.0,0.0,0.0,7.2,16.91
2025-02-19,68.6,42.9,62.4,37.1,0.0,0.0,0.0,5.1,15.54
2025-02-20,67.6,47.4,60.9,41.9,0.0,0.0,0.0,16.5,17.18
2025-02-21,66.2,44.2,60.1,38.2,0.0,0.0,0.0,5.9,17.47
2025-02-22,68.6,39.1,62.2,32.6,0.0,0.0,0.0,3.1,17.37
2025-02-23,73.7,42.5,67.4,35.9,0.0,0.0,0.0,2.7,17.58
2025-02-24,78.4,47.8,72.2,41.7,0.0,0.0,0.0,3.3,17.69
2025-02-25,81.1,49.3,75.8,44.1,0.0,0.0,0.0,4.3,18.17
2025-02-26,75.8,51.3,68.4,44.9,0.0,0.0,0.0,10.3,18.7
2025-02-27,72.8,49.7,64.7,42.6,0.0,0.0,0.0,11.0,18.95
2025-02-28,76.3,45.2,69.4,38.4,0.0,0.0,0.0,3.8,18.2
2025-03-01,77.4,50.5,70.3,44.7,0.0,0.0,0.0,4.4,17.01
2025-03-02,65.6,49.5,54.6,42.9,0.0,0.0,0.0,21.6,18.71
2025-03-03,61.5,44.8,52.2,37.7,0.008,0.008,0.0,14.4,12.5
2025-03-04,69.1,41.6,63.9,35.8,0.0,0.0,0.0,4.8,19.24
2025-03-05,68.5,46.0,62.3,40.9,0.035,0.035,0.0,12.1,12.09
2025-03-06,57.7,45.0,50.7,39.1,0.079,0.079,0.0,14.3,18.36
2025-03-07,61.6,39.9,53.0,33.5,0.004,0.004,0.0,14.6,18.62
2025-03-08,65.9,45.0,61.1,34.7,0.0,0.0,0.0,11.5,20.4
2025-03-09,69.4,41.4,64.6,35.3,0.0,0.0,0.0,5.0,20.6
2025-03-10,72.9,44.4,68.1,38.6,0.0,0.0,0.0,6.9,20.79
2025-03-11,70.3,50.4,63.1,45.3,0.0,0.0,0.0,11.7,16.64
2025-03-12,66.9,44.4,58.8,41.5,0.0,0.0,0.0,12.2,12.67
2025-03-13,57.5,44.3,52.1,37.5,0.063,0.063,0.0,13.9,12.11
2025-03-14,53.1,37.3,44.8,31.1,0.039,0.039,0.0,13.4,13.32
2025-03-15,65.4,37.8,57.5,34.2,0.0,0.0,0.0,11.5,21.27
2025-03-16,75.0,41.0,67.4,36.5,0.0,0.0,0.0,6.7,20.28
2025-03-17,75.4,53.1,66.6,46.1,0.0,0.0,0.0,17.0,18.66
2025-03-18,63.9,48.3,52.4,37.9,0.0,0.0,0.0,19.2,22.32
2025-03-19,63.8,39.0,57.9,31.7,0.0,0.0,0.0,6.3,22.33
2025-03-20,71.2,44.7,66.5,38.1,0.0,0.0,0.0,4.6,21.63
2025-03-21,75.8,45.6,70.5,39.4,0.0,0.0,0.0,8.5,22.08
2025-03-22,78.2,50.9,72.7,45.7,0.0,0.0,0.0,5.4,17.81
2025-03-23,81.5,56.8,78.5,52.5,0.0,0.0,0.0,6.1,22.33
2025-03-24,85.9,53.5,82.6,48.5,0.0,0.0,0.0,5.1,22.9
2025-03-25,89.2,54.9,84.9,49.7,0.0,0.0,0.0,4.7,23.07
2025-03-26,91.4,57.8,85.5,52.1,0.0,0.0,0.0,12.2,22.45
2025-03-27,85.7,61.4,78.1,56.7,0.0,0.0,0.0,14.6,21.76
2025-03-28,75.8,61.2,70.9,53.9,0.0,0.0,0.0,13.3,18.46
2025-03-29,74.9,50.6,70.0,45.2,0.0,0.0,0.0,9.7,23.81
2025-03-30,77.8,57.7,72.3,48.7,0.0,0.0,0.0,14.0,23.32
2025-03-31,77.0,57.3,67.5,48.5,0.0,0.0,0.0,17.0,23.34
2025-04-01,66.3,50.5,59.4,44.4,0.0,0.0,0.0,19.0,23.31
2025-04-02,62.8,47.8,56.6,40.2,0.02,0.02,0.0,10.9,19.1
2025-04-03,61.8,41.6,58.3,37.4,0.0,0.0,0.0,8.3,21.87
2025-04-04,68.4,42.9,61.8,37.8,0.0,0.0,0.0,9.4,23.53
2025-04-05,74.1,47.4,68.4,40.1,0.0,0.0,0.0,7.8,25.19
2025-04-06,78.3,45.2,74.1,38.4,0.0,0.0,0.0,2.9,25.37
2025-04-07,86.5,51.6,79.6,45.1,0.0,0.0,0.0,10.2,25.13
2025-04-08,88.6,58.9,85.4,52.9,0.0,0.0,0.0,8.4,24.76
2025-04-09,92.6,59.4,88.4,54.5,0.0,0.0,0.0,7.0,25.32
2025-04-10,93.4,61.2,90.4,55.7,0.0,0.0,0.0,7.4,25.1
2025-04-11,97.0,63.6,91.5,57.6,0.0,0.0,0.0,8.0,25.79
2025-04-12,91.0,70.2,82.0,65.4,0.0,0.0,0.0,13.1,20.94
2025-04-13,89.4,65.6,84.7,59.4,0.0,0.0,0.0,7.9,26.05
2025-04-14,87.5,58.5,83.0,52.1,0.0,0.0,0.0,6.4,24.11
2025-04-15,88.4,64.7,84.3,60.8,0.0,0.0,0.0,6.9,25.14
2025-04-16,87.5,61.7,83.5,55.3,0.0,0.0,0.0,10.2,24.37
2025-04-17,75.9,58.0,70.1,53.9,0.008,0.008,0.0,15.2,19.11
2025-04-18,69.2,52.4,59.6,45.3,0.0,0.0,0.0,18.6,25.06
2025-04-19,72.8,48.5,69.5,39.7,0.0,0.0,0.0,7.4,27.3
2025-04-20,83.4,50.1,79.0,44.0,0.0,0.0,0.0,8.0,27.39
2025-04-21,87.2,55.3,83.3,49.3,0.0,0.0,0.0,7.5,27.29
2025-04-22,89.7,59.5,86.2,54.0,0.0,0.0,0.0,8.1,26.92
2025-04-23,85.9,63.6,78.4,59.1,0.0,0.0,0.0,13.5,26.65
2025-04-24,85.8,61.3,78.1,56.4,0.0,0.0,0.0,11.8,27.89
2025-04-25,80.8,60.5,72.5,54.5,0.0,0.0,0.0,13.7,27.55
2025-04-26,72.0,53.9,65.0,48.3,0.0,0.0,0.0,14.2,26.45
2025-04-27,70.4,48.7,66.0,41.3,0.0,0.0,0.0,10.6,27.15
2025-04-28,76.7,49.7,72.7,44.8,0.0,0.0,0.0,7.2,23.86
2025-04-29,81.1,53.5,78.5,47.9,0.0,0.0,0.0,9.0,26.32
2025-04-30,87.2,56.7,84.8,51.0,0.0,0.0,0.0,11.4,25.91
2025-05-01,86.0,66.9,84.7,62.2,0.0,0.0,0.0,8.9,23.52
2025-05-02,89.6,62.1,88.3,57.3,0.0,0.0,0.0,7.2,28.03
2025-05-03,89.3,64.9,85.5,59.9,0.0,0.0,0.0,15.6,21.96
2025-05-04,76.2,60.9,74.8,57.6,0.051,0.051,0.0,9.4,18.76
2025-05-05,70.3,56.0,70.4,52.3,0.551,0.551,0.0,9.9,15.26
2025-05-06,73.5,54.6,72.6,54.0,0.122,0.122,0.0,9.9,23.07
2025-05-07,77.4,51.6,78.6,49.9,0.0,0.0,0.0,4.1,27.64
2025-05-08,89.0,54.9,88.0,53.9,0.0,0.0,0.0,4.7,27.76
2025-05-09,95.6,62.6,94.3,60.4,0.0,0.0,0.0,6.2,28.31
2025-05-10,100.3,68.2,96.8,64.4,0.0,0.0,0.0,10.8,27.58
2025-05-11,99.7,71.9,92.4,67.4,0.0,0.0,0.0,14.5,28.7
2025-05-12,91.0,73.1,81.3,64.0,0.0,0.0,0.0,18.6,29.02
2025-05-13,78.4,59.8,73.5,50.7,0.0,0.0,0.0,14.1,26.9
2025-05-14,78.7,60.4,71.2,51.8,0.0,0.0,0.0,11.2,29.38
2025-05-15,86.2,57.2,83.2,51.3,0.0,0.0,0.0,6.3,29.4
2025-05-16,90.4,60.7,84.9,55.6,0.0,0.0,0.0,10.1,27.81
2025-05-17,84.1,62.0,74.9,54.5,0.016,0.016,0.0,17.6,20.39
2025-05-18,82.7,62.5,74.5,53.8,0.0,0.0,0.0,14.8,28.76
2025-05-19,86.0,61.2,80.1,56.5,0.0,0.0,0.0,12.3,29.65
2025-05-20,94.9,60.1,90.6,55.1,0.0,0.0,0.0,8.8,29.59
2025-05-21,99.5,64.8,96.2,59.2,0.0,0.0,0.0,8.6,29.62
2025-05-22,100.4,68.5,92.7,63.1,0.0,0.0,0.0,12.7,30.01
2025-05-23,98.4,69.5,92.5,64.0,0.0,0.0,0.0,13.0,30.05
2025-05-24,91.7,74.8,85.0,68.6,0.0,0.0,0.0,12.4,28.55
2025-05-25,95.2,66.1,91.6,61.0,0.0,0.0,0.0,6.9,28.95
2025-05-26,98.5,69.5,93.2,64.9,0.0,0.0,0.0,13.5,29.07
2025-05-27,98.8,69.8,95.3,65.3,0.0,0.0,0.0,10.4,28.25
2025-05-28,100.3,69.5,98.8,64.5,0.0,0.0,0.0,7.5,29.79
2025-05-29,100.8,69.4,96.4,64.0,0.0,0.0,0.0,8.8,29.19
2025-05-30,104.2,71.6,100.2,66.9,0.0,0.0,0.0,6.4,29.51
2025-05-31,107.0,75.4,105.7,71.0,0.0,0.0,0.0,6.6,29.16
2025-06-01,101.0,80.2,95.6,77.8,0.0,0.0,0.0,13.9,21.62
2025-06-02,92.4,73.5,95.1,74.9,0.035,0.035,0.0,7.0,22.74
2025-06-03,95.0,72.4,94.7,73.1,0.063,0.063,0.0,11.8,23.53
2025-06-04,95.7,71.3,96.1,70.9,0.004,0.004,0.0,14.1,26.94
2025-06-05,94.5,73.5,95.4,72.9,0.055,0.055,0.0,10.1,24.15
2025-06-06,96.2,71.3,96.7,70.7,0.0,0.0,0.0,3.3,26.49
2025-06-07,101.7,73.9,99.6,71.3,0.0,0.0,0.0,8.8,29.26
2025-06-08,105.4,74.3,103.0,70.6,0.0,0.0,0.0,6.1,29.66
2025-06-09,106.4,75.8,104.8,70.5,0.0,0.0,0.0,8.4,28.76
2025-06-10,110.1,78.8,108.4,74.8,0.0,0.0,0.0,10.6,28.8
2025-06-11,106.9,81.8,100.4,77.6,0.0,0.0,0.0,13.7,29.52
2025-06-12,106.1,79.0,100.4,73.1,0.0,0.0,0.0,14.0,30.12
2025-06-13,103.7,77.1,98.0,71.6,0.0,0.0,0.0,12.9,30.35
2025-06-14,106.5,77.1,100.6,72.4,0.0,0.0,0.0,11.4,30.12
2025-06-15,110.1,77.6,104.1,72.1,0.0,0.0,0.0,11.7,30.4
2025-06-16,109.3,76.8,101.0,70.6,0.0,0.0,0.0,15.0,30.64
2025-06-17,105.7,79.0,100.9,71.2,0.0,0.0,0.0,12.1,30.45
2025-06-18,110.2,76.7,107.0,71.7,0.0,0.0,0.0,6.4,30.23
2025-06-19,108.7,78.2,102.1,72.7,0.0,0.0,0.0,13.9,30.25
2025-06-20,103.7,81.5,96.8,75.8,0.0,0.0,0.0,15.4,30.38
2025-06-21,94.8,76.1,86.2,67.2,0.0,0.0,0.0,17.0,29.91
2025-06-22,89.6,68.1,86.4,58.6,0.0,0.0,0.0,16.6,30.55
2025-06-23,97.2,67.8,94.1,63.1,0.0,0.0,0.0,12.2,28.96
2025-06-24,96.5,71.1,92.6,66.4,0.0,0.0,0.0,5.0,25.38
2025-06-25,99.1,70.4,96.9,66.0,0.0,0.0,0.0,4.4,29.84
2025-06-26,104.1,72.6,102.2,67.9,0.0,0.0,0.0,7.6,30.05
2025-06-27,104.2,74.5,100.9,69.9,0.0,0.0,0.0,8.6,29.87
2025-06-28,105.5,75.7,101.2,71.4,0.0,0.0,0.0,7.3,29.89
2025-06-29,106.0,75.0,103.2,70.9,0.0,0.0,0.0,10.7,29.98
2025-06-30,111.2,77.7,106.8,73.3,0.0,0.0,0.0,11.4,29.47
2025-07-01,102.4,78.5,100.8,74.0,0.0,0.0,0.0,17.9,21.08
2025-07-02,100.4,79.5,102.3,75.5,0.004,0.004,0.0,13.0,22.23
2025-07-03,97.4,75.8,102.3,76.5,0.012,0.012,0.0,12.5,23.63
2025-07-04,103.4,77.4,98.8,77.0,0.0,0.0,0.0,13.2,29.26
2025-07-05,103.0,76.2,96.4,71.7,0.0,0.0,0.0,10.7,30.25
2025-07-06,106.3,73.3,103.4,68.1,0.0,0.0,0.0,6.0,30.13
2025-07-07,108.5,74.1,105.6,68.4,0.0,0.0,0.0,11.4,29.5
2025-07-08,109.8,79.2,106.1,75.0,0.0,0.0,0.0,11.5,28.8
2025-07-09,111.0,82.5,106.7,78.8,0.0,0.0,0.0,14.2,28.61
2025-07-10,109.6,79.5,105.6,72.3,0.0,0.0,0.0,8.1,30.18
2025-07-11,110.5,79.0,107.8,73.7,0.0,0.0,0.0,5.7,29.92
2025-07-12,110.4,78.4,108.6,75.3,0.0,0.0,0.0,7.7,29.17
2025-07-13,111.9,81.0,109.5,78.0,0.0,0.0,0.0,10.3,27.81
2025-07-14,114.2,83.2,114.1,80.2,0.0,0.0,0.0,7.0,26.38
2025-07-15,111.0,84.7,108.1,82.7,0.0,0.0,0.0,11.2,28.07
2025-07-16,106.4,84.7,103.7,82.0,0.0,0.0,0.0,9.1,27.62
2025-07-17,102.6,84.2,103.1,83.4,0.004,0.004,0.0,9.1,24.68
2025-07-18,98.2,78.6,101.9,80.1,0.0,0.0,0.0,12.1,23.7
2025-07-19,105.4,78.3,104.9,77.6,0.0,0.0,0.0,4.3,27.14
2025-07-20,107.1,80.0,105.1,76.4,0.0,0.0,0.0,11.0,28.81
2025-07-21,102.9,81.7,96.9,78.2,0.0,0.0,0.0,12.7,28.49
2025-07-22,101.1,79.0,98.4,75.5,0.0,0.0,0.0,11.1,28.55
2025-07-23,98.7,74.4,92.0,70.0,0.0,0.0,0.0,12.9,29.15
2025-07-24,100.3,72.7,95.5,68.1,0.0,0.0,0.0,8.1,29.37
2025-07-25,102.7,70.9,101.0,64.7,0.0,0.0,0.0,9.9,29.2
2025-07-26,100.8,72.4,97.5,67.0,0.0,0.0,0.0,10.0,28.71
2025-07-27,103.6,72.8,101.6,69.2,0.0,0.0,0.0,7.9,28.85
2025-07-28,106.7,73.8,104.3,68.8,0.0,0.0,0.0,6.8,28.91
2025-07-29,106.7,75.7,102.9,70.5,0.0,0.0,0.0,11.0,28.9
2025-07-30,102.7,76.4,95.9,72.3,0.0,0.0,0.0,12.4,28.77
2025-07-31,104.9,76.8,98.3,72.6,0.0,0.0,0.0,11.6,28.61
2025-08-01,106.5,75.7,105.0,70.6,0.0,0.0,0.0,11.7,28.41
2025-08-02,106.5,77.4,101.4,72.8,0.0,0.0,0.0,12.0,28.74
2025-08-03,107.8,75.3,103.6,69.7,0.0,0.0,0.0,11.9,28.75
2025-08-04,103.6,79.3,95.9,73.9,0.0,0.0,0.0,12.5,27.36
2025-08-05,107.0,77.6,100.1,73.4,0.0,0.0,0.0,11.6,28.07
2025-08-06,108.8,80.3,102.3,76.1,0.0,0.0,0.0,12.0,27.51
2025-08-07,108.7,81.3,103.1,77.0,0.0,0.0,0.0,13.4,27.65
2025-08-08,109.0,80.3,101.3,75.6,0.0,0.0,0.0,17.5,27.82
2025-08-09,108.8,80.8,104.8,76.1,0.0,0.0,0.0,18.0,27.53
2025-08-10,111.3,81.6,108.9,78.2,0.0,0.0,0.0,8.7,27.05
2025-08-11,110.0,79.8,107.7,74.1,0.0,0.0,0.0,10.0,27.24
2025-08-12,112.1,80.6,111.1,75.8,0.0,0.0,0.0,6.6,26.38
2025-08-13,112.4,83.8,109.9,79.8,0.0,0.0,0.0,11.9,25.69
2025-08-14,107.1,82.4,103.7,79.3,0.0,0.0,0.0,12.7,27.02
2025-08-15,100.8,78.8,99.0,76.2,0.0,0.0,0.0,11.2,24.56
2025-08-16,100.6,79.1,101.4,79.6,0.004,0.004,0.0,7.9,23.94
2025-08-17,102.4,77.4,98.5,76.2,0.0,0.0,0.0,10.4,26.63
2025-08-18,103.6,75.3,102.2,71.8,0.0,0.0,0.0,10.1,26.76
2025-08-19,106.3,78.2,105.4,73.7,0.0,0.0,0.0,10.3,25.44
2025-08-20,109.2,82.3,109.8,80.3,0.0,0.0,0.0,11.0,24.57
2025-08-21,111.2,83.9,110.6,81.7,0.0,0.0,0.0,9.6,24.15
2025-08-22,109.6,84.5,108.5,82.5,0.0,0.0,0.0,8.4,21.64
2025-08-23,108.2,88.2,108.9,88.0,0.0,0.0,0.0,11.0,21.4
2025-08-24,106.1,84.7,104.3,84.5,0.008,0.008,0.0,8.5,21.2
2025-08-25,96.2,81.5,95.0,82.1,0.0,0.0,0.0,7.0,13.4
2025-08-26,85.1,69.5,93.1,72.4,0.724,0.724,0.0,10.3,16.69
2025-08-27,98.4,71.8,96.3,73.0,0.0,0.0,0.0,4.7,23.22
2025-08-28,94.8,74.1,92.2,70.9,0.004,0.004,0.0,6.8,12.99
2025-08-29,96.7,70.5,96.1,71.8,0.004,0.004,0.0,5.7,23.49
2025-08-30,101.7,74.6,99.3,74.5,0.0,0.0,0.0,8.3,24.36
2025-08-31,104.6,76.4,103.2,73.9,0.0,0.0,0.0,5.2,24.3
2025-09-01,107.0,78.3,106.0,75.1,0.0,0.0,0.0,8.2,23.64
2025-09-02,100.9,80.9,98.5,77.8,0.0,0.0,0.0,11.9,13.02
2025-09-03,94.4,80.9,95.5,79.2,0.028,0.028,0.0,9.0,17.75
2025-09-04,97.9,76.2,99.8,77.2,0.0,0.0,0.0,6.8,20.72
2025-09-05,94.3,74.0,96.6,75.6,0.008,0.008,0.0,6.5,21.0
2025-09-06,98.9,71.7,98.6,75.3,0.0,0.0,0.0,8.7,21.72
2025-09-07,100.2,72.8,97.5,76.9,0.0,0.0,0.0,9.6,23.2
2025-09-08,99.2,77.1,93.1,76.9,0.0,0.0,0.0,11.2,23.64
2025-09-09,97.2,73.3,90.0,68.6,0.0,0.0,0.0,11.8,23.79
2025-09-10,93.2,72.2,87.3,68.2,0.0,0.0,0.0,12.3,23.28
2025-09-11,92.4,68.0,87.7,65.0,0.0,0.0,0.0,10.4,23.3
2025-09-12,92.2,66.1,89.9,62.0,0.0,0.0,0.0,5.2,22.94
2025-09-13,94.1,68.4,91.1,65.2,0.0,0.0,0.0,5.8,22.84
2025-09-14,96.8,69.0,94.6,65.1,0.0,0.0,0.0,9.4,22.63
2025-09-15,97.2,69.2,94.5,64.9,0.0,0.0,0.0,6.1,22.73
2025-09-16,99.1,69.9,96.2,66.3,0.0,0.0,0.0,3.6,22.42
2025-09-17,99.8,69.3,96.1,64.3,0.0,0.0,0.0,5.4,21.96
2025-09-18,87.9,70.8,84.2,71.6,0.008,0.008,0.0,5.7,7.34
2025-09-19,88.4,66.3,91.5,70.3,0.0,0.0,0.0,5.8,18.85
2025-09-20,93.5,70.3,94.1,72.4,0.0,0.0,0.0,7.2,19.86
2025-09-21,96.3,71.0,94.7,70.3,0.0,0.0,0.0,9.2,20.7
2025-09-22,93.7,69.9,90.2,68.5,0.0,0.0,0.0,4.5,18.74
2025-09-23,94.8,68.4,89.5,64.6,0.0,0.0,0.0,9.7,21.05
2025-09-24,95.3,69.2,91.2,65.2,0.0,0.0,0.0,6.7,20.48
2025-09-25,94.3,73.7,92.0,71.6,0.024,0.024,0.0,10.1,16.62
2025-09-26,85.1,71.2,84.9,70.2,0.043,0.043,0.0,9.3,16.21
2025-09-27,86.6,67.6,85.4,68.5,0.0,0.0,0.0,9.0,18.02
2025-09-28,83.4,67.2,83.3,68.7,0.0,0.0,0.0,4.7,17.52
2025-09-29,87.3,65.1,86.3,66.8,0.0,0.0,0.0,3.9,17.74
2025-09-30,89.6,69.2,84.7,69.3,0.0,0.0,0.0,12.0,19.34
2025-10-01,90.0,64.8,86.5,61.9,0.0,0.0,0.0,6.7,19.52
2025-10-02,93.7,65.1,90.2,61.7,0.0,0.0,0.0,7.7,19.51
2025-10-03,85.0,67.8,79.4,61.6,0.0,0.0,0.0,14.4,19.1
2025-10-04,80.5,61.6,77.5,55.8,0.0,0.0,0.0,11.7,19.07
2025-10-05,82.8,57.3,79.0,52.0,0.0,0.0,0.0,3.8,18.95
2025-10-06,84.8,56.8,80.1,52.8,0.0,0.0,0.0,4.2,18.93
2025-10-07,85.9,57.6,81.2,52.7,0.0,0.0,0.0,3.4,18.97
2025-10-08,90.1,56.8,84.6,52.1,0.0,0.0,0.0,7.0,18.81
2025-10-09,87.3,65.5,85.4,60.3,0.024,0.024,0.0,8.6,13.35
2025-10-10,76.7,66.7,81.0,70.1,0.673,0.673,0.0,6.3,12.29
2025-10-11,85.5,64.2,83.4,62.5,0.008,0.008,0.0,13.6,17.02
2025-10-12,78.1,59.4,73.6,55.4,0.0,0.0,0.0,14.3,18.28
2025-10-13,82.3,53.5,77.1,48.8,0.0,0.0,0.0,12.0,16.15
2025-10-14,74.5,54.0,66.0,50.9,0.012,0.012,0.0,14.5,10.64
2025-10-15,66.0,52.4,61.1,48.1,0.0,0.0,0.0,11.4,16.55
2025-10-16,73.6,48.8,70.2,45.0,0.0,0.0,0.0,4.1,16.86
2025-10-17,76.6,55.5,71.8,51.0,0.0,0.0,0.0,7.5,17.03
2025-10-18,81.0,52.6,75.6,48.7,0.0,0.0,0.0,3.0,16.92
2025-10-19,82.6,53.4,76.8,49.1,0.0,0.0,0.0,6.7,15.89
2025-10-20,83.6,53.6,78.0,48.9,0.0,0.0,0.0,4.8,16.51
2025-10-21,82.5,55.2,77.4,51.6,0.0,0.0,0.0,2.3,16.41
2025-10-22,81.9,60.3,77.7,56.7,0.0,0.0,0.0,5.6,15.11
2025-10-23,81.5,64.8,76.0,58.5,0.0,0.0,0.0,11.3,15.14
2025-10-24,81.8,55.1,77.7,50.9,0.0,0.0,0.0,3.0,15.88
2025-10-25,86.3,54.0,80.2,49.9,0.0,0.0,0.0,7.8,14.3
2025-10-26,84.3,64.3,77.6,58.3,0.0,0.0,0.0,12.7,15.32
2025-10-27,83.4,57.7,78.4,54.0,0.0,0.0,0.0,3.6,15.31
